id,firstName,lastName,email,gender,birthDate,country,phoneNumber
1,Kira,Alelsandrovich,kalelsandrovich0@hao123.com,Female,18/09/1973,MZ,846-747-2211
2,Kirbee,MacPhail,kmacphail1@microsoft.com,Female,10/05/1964,KN,323-724-1996
3,Corby,Oag,coag2@youtube.com,Male,22/08/1986,DO,241-387-0848
4,Benedicta,Bartalot,bbartalot3@weibo.com,Female,28/05/1951,CA,572-551-9359
5,Daniel,Sherwill,dsherwill4@bigcartel.com,Non-binary,21/10/1977,PT,837-438-9190
6,Stephen,Trevena,strevena5@un.org,Male,11/01/1957,BO,475-988-9221
7,Monty,Canet,mcanet6@economist.com,Male,01/01/1957,NO,209-349-9985
8,Gerri,Duchan,gduchan7@noaa.gov,Female,18/03/1988,GT,106-864-9424
9,Berget,Musk,bmusk8@nsw.gov.au,Female,23/11/1963,PT,237-803-6486
10,Audrie,Hastilow,ahastilow9@telegraph.co.uk,Female,18/04/1982,BR,674-805-6943
11,Sibylle,Beresford,sberesforda@ocn.ne.jp,Female,24/05/1982,UA,877-353-5337
12,Delores,Proughten,dproughtenb@economist.com,Female,25/01/1991,BR,263-713-3923
13,Bebe,Agnew,bagnewc@japanpost.jp,Female,08/09/1998,RU,556-925-7857
14,Pascal,Brown,pbrownd@posterous.com,Male,20/12/1983,PH,297-363-6626
15,Perkin,Dare,pdaree@merriam-webster.com,Male,16/10/1975,FI,345-825-3693
16,Eloise,Sutch,esutchf@va.gov,Non-binary,06/11/1966,FR,611-759-6295
17,Cliff,Fullerton,cfullertong@slate.com,Male,14/12/1970,PE,712-821-0488
18,Arthur,Havers,ahaversh@aol.com,Male,25/09/2000,CN,252-490-5070
19,Jarrid,Longfut,jlongfuti@typepad.com,Male,20/08/1971,RS,525-728-6853
20,Davis,Mealham,dmealhamj@discovery.com,Male,17/04/1978,VN,418-498-2865
21,Alyssa,Sammut,asammutk@pen.io,Female,05/08/1955,SE,699-239-4392
22,Nannette,Slowgrave,nslowgravel@columbia.edu,Female,13/11/2002,RU,805-270-5918
23,Billie,Barrowcliffe,bbarrowcliffem@shop-pro.jp,Female,04/04/1991,IL,305-120-9671
24,Melody,Keightley,mkeightleyn@google.ca,Female,02/07/1989,ID,148-221-0640
25,Clarie,Geroldo,cgeroldoo@taobao.com,Female,29/05/1950,ES,855-671-5684
26,Chauncey,Blakeley,cblakeleyp@networkadvertising.org,Male,26/05/1974,CN,354-739-8809
27,Pooh,Delong,pdelongq@yellowpages.com,Female,16/06/1980,CN,987-473-0065
28,Debby,Gatheral,dgatheralr@apple.com,Female,19/10/1980,ID,980-803-7709
29,Hewie,Hallward,hhallwards@vk.com,Male,12/02/1998,PH,882-176-0006
30,Sheri,Solano,ssolanot@mit.edu,Female,24/07/1982,CA,568-664-8154
31,Hildagarde,Yurtsev,hyurtsevu@mail.ru,Female,25/10/1981,IE,698-302-4752
32,Jill,Woodison,jwoodisonv@usda.gov,Female,15/04/1961,HR,409-331-6978
33,Aila,Seadon,aseadonw@wisc.edu,Female,01/10/1992,ID,736-989-1904
34,Tann,Serrurier,tserrurierx@chron.com,Male,29/06/1989,ID,539-923-2379
35,Maxie,Sheldrake,msheldrakey@comsenz.com,Male,28/01/1974,PH,684-479-3366
36,Dawna,Dougal,ddougalz@constantcontact.com,Female,20/08/1958,RU,511-341-2472
37,Tomaso,Grigoryev,tgrigoryev10@huffingtonpost.com,Male,22/07/1950,ID,900-553-0744
38,Alexandra,Rocca,arocca11@dagondesign.com,Female,13/02/1975,BR,423-355-9459
39,Forrest,Conahy,fconahy12@google.co.jp,Male,15/01/1981,CN,944-766-6839
40,Aridatha,Font,afont13@harvard.edu,Female,15/10/1991,KR,107-113-6904
41,Bastien,Brummitt,bbrummitt14@rediff.com,Male,19/12/1975,PH,115-348-2573
42,Perice,Stendell,pstendell15@tamu.edu,Male,15/02/1986,CN,536-104-8031
43,Nara,Tams,ntams16@hc360.com,Female,27/04/1975,IR,708-220-2640
44,Sayer,Blackaller,sblackaller17@blogspot.com,Male,08/03/1966,AR,482-391-7407
45,Erek,Massey,emassey18@samsung.com,Male,24/10/1950,CO,388-322-8488
46,Marwin,Peasgood,mpeasgood19@github.com,Male,24/03/1984,CN,873-755-1542
47,Koo,Stacy,kstacy1a@hugedomains.com,Female,23/12/1997,PH,537-206-0767
48,Tiffi,Reven,treven1b@unblog.fr,Non-binary,12/09/2003,SE,329-762-4088
49,Curry,Winpenny,cwinpenny1c@stanford.edu,Male,22/11/1969,KZ,623-608-5218
50,Keven,Olerenshaw,kolerenshaw1d@mashable.com,Male,22/09/1954,SE,512-623-1394
51,Nikolia,Shapiro,nshapiro1e@surveymonkey.com,Female,17/07/1952,GT,168-341-1775
52,Zared,Marusik,zmarusik1f@ocn.ne.jp,Male,17/11/1999,ID,723-215-5315
53,Luce,Becker,lbecker1g@go.com,Male,11/03/1998,CD,740-742-8182
54,Karissa,Challicombe,kchallicombe1h@posterous.com,Female,06/01/1979,ZA,357-439-9867
55,Moise,Roisen,mroisen1i@fotki.com,Bigender,17/05/1971,GA,319-111-2822
56,Melessa,Curlis,mcurlis1j@slideshare.net,Female,18/01/1973,ID,395-906-2822
57,Ole,Capehorn,ocapehorn1k@sphinn.com,Male,10/03/2000,UY,856-767-1144
58,Huey,Graeser,hgraeser1l@comcast.net,Male,24/01/1995,CV,458-181-5135
59,Serena,Authers,sauthers1m@businessweek.com,Female,04/06/1980,CN,489-492-8877
60,Holly-anne,Bowdery,hbowdery1n@weebly.com,Female,02/08/1992,SE,125-784-1951
61,Lucian,Lockyear,llockyear1o@rambler.ru,Male,10/11/1957,CN,499-495-7353
62,Ashly,Epsley,aepsley1p@yale.edu,Female,17/11/2001,PH,754-842-2093
63,Yoshi,Marquess,ymarquess1q@hao123.com,Bigender,10/03/1988,IL,426-919-6541
64,Miguel,Gaskoin,mgaskoin1r@bravesites.com,Male,04/04/1976,UA,136-982-2143
65,Brandie,Lademann,blademann1s@jugem.jp,Female,14/03/1960,BR,423-358-0557
66,Tore,Rosencrantz,trosencrantz1t@ed.gov,Male,24/02/1951,ID,139-993-0471
67,Selina,Trahearn,strahearn1u@geocities.com,Female,15/05/1980,SE,117-864-3752
68,Morrie,Ferres,mferres1v@vinaora.com,Bigender,21/10/1958,RU,608-164-8138
69,Arline,McFie,amcfie1w@ftc.gov,Female,22/05/1974,VE,695-501-9255
70,Grannie,Polglase,gpolglase1x@foxnews.com,Male,30/09/1971,CN,142-133-3892
71,Judas,Abrey,jabrey1y@usda.gov,Male,29/10/1991,CN,483-459-2662
72,Maudie,Buttery,mbuttery1z@un.org,Female,09/09/1967,TH,514-724-5133
73,Jennee,Golton,jgolton20@sakura.ne.jp,Female,08/08/2003,KG,809-881-3854
74,Felike,Greenman,fgreenman21@shop-pro.jp,Male,15/03/1963,ID,654-644-0114
75,Silvano,Courtliff,scourtliff22@nps.gov,Male,26/05/1968,AR,901-797-7583
76,Torin,Surplice,tsurplice23@blogs.com,Male,12/04/1978,RU,126-770-5802
77,Ab,Rowley,arowley24@scribd.com,Male,21/11/2000,VN,689-682-0554
78,Kary,Kondrachenko,kkondrachenko25@fc2.com,Female,21/08/1992,IE,165-544-0420
79,Franky,Thomassin,fthomassin26@weather.com,Male,25/04/1958,RU,675-206-8055
80,Herc,McCuthais,hmccuthais27@ask.com,Male,04/08/2001,RS,677-839-1706
81,Kaine,Marlor,kmarlor28@techcrunch.com,Agender,12/10/1968,CN,349-370-3759
82,Christa,MacRierie,cmacrierie29@deviantart.com,Female,15/04/2001,SE,108-281-9025
83,Mitzi,Tuft,mtuft2a@ifeng.com,Female,08/05/1973,MX,587-971-8984
84,Laurie,Crafter,lcrafter2b@yahoo.co.jp,Female,05/05/1953,RU,314-544-7337
85,Carley,Oscroft,coscroft2c@utexas.edu,Female,27/04/1965,SE,165-322-2861
86,Denny,Fowle,dfowle2d@answers.com,Male,24/06/1983,PK,408-915-8384
87,Dorisa,Cayet,dcayet2e@cafepress.com,Female,10/06/1950,TH,719-426-5410
88,Mallorie,Francescuccio,mfrancescuccio2f@ocn.ne.jp,Polygender,22/03/1992,FR,598-976-7463
89,Bradney,Mertel,bmertel2g@sciencedirect.com,Male,28/01/2003,EG,984-167-6523
90,Jerald,Pearch,jpearch2h@rambler.ru,Male,11/06/1990,UA,152-334-5625
91,Kris,Hinkley,khinkley2i@nationalgeographic.com,Male,10/03/1951,BA,750-514-3984
92,Sydney,Chaize,schaize2j@dell.com,Male,12/05/1966,PT,502-355-8528
93,Ula,Kenefick,ukenefick2k@instagram.com,Female,01/04/1968,SE,485-888-2129
94,Catlaina,Ferriman,cferriman2l@digg.com,Female,04/05/1952,SE,314-617-8534
95,Alain,Dymidowicz,adymidowicz2m@ask.com,Male,02/09/1994,NG,313-921-7958
96,Arte,Lathee,alathee2n@networkadvertising.org,Male,24/12/1964,CN,858-531-3363
97,Briant,O'Mullaney,bomullaney2o@joomla.org,Male,09/12/1977,AM,476-111-7844
98,Clarine,Brecknell,cbrecknell2p@narod.ru,Female,15/08/1978,MX,679-994-3837
99,Andras,Bacon,abacon2q@phoca.cz,Genderqueer,01/05/1973,ID,747-924-4102
100,Charity,Reed,creed2r@merriam-webster.com,Female,09/01/1960,CN,418-540-6614
101,Carroll,Jeffcoate,cjeffcoate2s@noaa.gov,Male,14/09/2002,ID,460-796-0439
102,Dawna,Borsnall,dborsnall2t@shinystat.com,Female,26/10/1976,PL,168-397-2888
103,Harri,Isson,hisson2u@github.io,Female,25/10/1969,SY,367-739-9791
104,Kari,Brolan,kbrolan2v@dagondesign.com,Female,12/08/2001,UG,217-159-3744
105,Denver,Clancy,dclancy2w@hubpages.com,Male,20/08/1975,PT,817-985-8449
106,Marcille,Disdel,mdisdel2x@oracle.com,Female,14/08/1988,NG,205-910-4450
107,Keven,Larroway,klarroway2y@toplist.cz,Male,22/03/1997,PH,929-261-5069
108,Harmonie,Gallo,hgallo2z@yale.edu,Female,11/07/1952,VN,768-984-4387
109,Tripp,Christon,tchriston30@aboutads.info,Polygender,21/11/1985,PE,854-719-4325
110,Alli,Annion,aannion31@yahoo.co.jp,Agender,08/02/1971,CN,419-740-2251
111,Bernadette,Blincow,bblincow32@usgs.gov,Female,31/01/1954,FR,909-928-4436
112,Modesta,Malatalant,mmalatalant33@cnet.com,Female,03/02/1965,CO,129-520-8260
113,Reynold,Reely,rreely34@intel.com,Genderfluid,07/10/1979,CN,686-639-3291
114,Cassaundra,Yetton,cyetton35@abc.net.au,Female,07/04/2003,CZ,534-125-6497
115,Loni,Proppers,lproppers36@answers.com,Female,11/01/1999,CN,766-251-8834
116,Berky,Curnucke,bcurnucke37@vk.com,Male,26/03/1979,CN,735-670-5202
117,Cassius,Drescher,cdrescher38@instagram.com,Male,30/06/2001,PH,228-856-3423
118,Delia,Baleine,dbaleine39@comcast.net,Female,19/01/1968,CN,720-897-2315
119,Malena,Josephson,mjosephson3a@symantec.com,Female,20/09/1989,ET,872-263-5548
120,Geoffry,Robiot,grobiot3b@istockphoto.com,Male,21/04/1962,US,916-793-9989
121,Hernando,Mebs,hmebs3c@hexun.com,Male,18/05/1983,SE,678-264-5245
122,Perri,Jankin,pjankin3d@usgs.gov,Female,25/10/1964,NG,693-987-7934
123,Xerxes,Dawidowsky,xdawidowsky3e@zdnet.com,Male,06/02/1978,CN,502-439-7234
124,Connie,Carnegie,ccarnegie3f@disqus.com,Male,25/08/1970,SI,986-171-8719
125,Stephanus,Brougham,sbrougham3g@smugmug.com,Male,04/09/1955,AZ,540-668-2062
126,Giustino,Forster,gforster3h@amazon.co.uk,Male,14/03/2001,NO,614-542-0691
127,Parke,MacIlwrick,pmacilwrick3i@msn.com,Male,09/01/1954,PH,190-179-9702
128,Marlow,Leipelt,mleipelt3j@cnet.com,Male,06/06/1969,ID,114-120-7101
129,Celene,Bullivant,cbullivant3k@addthis.com,Female,19/01/2001,BR,440-254-5399
130,Jacquenetta,Rizzardo,jrizzardo3l@last.fm,Female,11/03/1961,RU,945-828-0230
131,Xerxes,McDugal,xmcdugal3m@1688.com,Genderqueer,10/11/2001,RU,490-634-0464
132,Armand,Portail,aportail3n@quantcast.com,Male,21/11/1956,ID,359-989-7644
133,Aggi,Camin,acamin3o@chron.com,Female,12/03/1994,JP,953-402-2242
134,Keefer,Pinnington,kpinnington3p@dyndns.org,Bigender,19/01/1987,KM,528-322-7254
135,Emmey,Valance,evalance3q@twitpic.com,Female,25/02/1957,MX,135-920-9564
136,Arty,Stibbs,astibbs3r@dailymotion.com,Male,27/06/1975,CN,926-459-5311
137,Elita,Norewood,enorewood3s@ibm.com,Female,27/08/1999,ID,398-131-3077
138,Eudora,Filkov,efilkov3t@ebay.com,Female,07/07/1952,RU,747-999-7198
139,Rogerio,Daviot,rdaviot3u@cbsnews.com,Male,08/05/1965,BR,197-442-6927
140,Bethena,Kinloch,bkinloch3v@e-recht24.de,Female,08/04/1958,FR,171-130-5737
141,Lucy,Drohane,ldrohane3w@gnu.org,Female,14/10/1951,KG,311-510-7029
142,Tobie,Hammon,thammon3x@wikispaces.com,Male,17/02/2001,CV,739-597-6306
143,Olympie,Gagg,ogagg3y@apache.org,Female,05/11/1964,SE,733-208-1218
144,Rurik,Bullocke,rbullocke3z@scientificamerican.com,Male,31/08/1984,CN,214-871-8104
145,Innis,Marchetti,imarchetti40@apple.com,Non-binary,21/02/1963,GT,139-314-3647
146,Tamra,Scardefield,tscardefield41@cyberchimps.com,Female,15/04/1987,ZA,303-174-0444
147,Wade,Saffell,wsaffell42@storify.com,Male,25/07/2002,CL,558-458-3613
148,Micky,Silliman,msilliman43@paginegialle.it,Female,14/11/1958,CN,194-561-7873
149,La verne,Simmill,lsimmill44@senate.gov,Female,01/11/1964,IR,430-379-6691
150,Helaina,Moysey,hmoysey45@delicious.com,Genderfluid,12/12/1975,BR,210-765-0709
151,Harriette,Coulthard,hcoulthard46@yahoo.com,Female,24/05/1966,RU,861-897-3095
152,Christabel,Latch,clatch47@netvibes.com,Female,30/07/1978,CR,490-562-3952
153,Beaufort,Munslow,bmunslow48@devhub.com,Male,16/03/1999,UG,702-646-8962
154,Berte,Swift,bswift49@topsy.com,Female,22/11/1956,BR,181-799-4234
155,Gawain,Ludewig,gludewig4a@icq.com,Male,21/12/1961,TH,710-121-8684
156,Ogdon,Mellish,omellish4b@abc.net.au,Male,26/11/2003,RU,648-335-5336
157,Joeann,Joanic,jjoanic4c@abc.net.au,Female,04/07/1955,PT,209-202-7801
158,Chip,Habershon,chabershon4d@va.gov,Male,15/07/1958,FI,592-507-9071
159,Wilhelmine,Learmouth,wlearmouth4e@europa.eu,Female,19/02/1975,NO,247-324-2267
160,Amargo,Amsden,aamsden4f@nationalgeographic.com,Female,28/03/1957,RU,413-883-3201
161,Nikolaus,Briant,nbriant4g@go.com,Male,15/01/1963,CN,280-139-6842
162,Ashli,Ragot,aragot4h@wikimedia.org,Female,07/01/1988,HN,425-579-3622
163,Mickie,Leadston,mleadston4i@house.gov,Female,31/12/1954,CZ,333-262-2562
164,Marley,Caberas,mcaberas4j@bing.com,Female,06/08/1997,CN,693-193-7261
165,Federico,Kleen,fkleen4k@163.com,Male,17/12/1978,CN,874-403-5004
166,Gilli,Maun,gmaun4l@simplemachines.org,Female,09/04/1978,PL,589-539-9249
167,Kermie,Rodgier,krodgier4m@netvibes.com,Male,04/12/1953,CA,842-760-0510
168,Emilie,Tinkler,etinkler4n@clickbank.net,Female,01/07/2002,ZW,635-173-0822
169,Shaylah,Crosham,scrosham4o@utexas.edu,Female,05/06/1961,PL,868-776-9266
170,Minni,Ferrettino,mferrettino4p@stanford.edu,Female,16/09/1989,ID,520-494-3053
171,Lotte,Ewer,lewer4q@blogtalkradio.com,Female,14/08/1961,JP,299-361-2300
172,Andie,Witling,awitling4r@google.ru,Male,05/09/1979,ID,511-704-9904
173,Melinde,Grane,mgrane4s@chron.com,Female,19/04/1998,SY,245-487-3041
174,Arne,Stebbin,astebbin4t@imageshack.us,Polygender,22/04/1987,CN,252-958-0001
175,Albina,Elkington,aelkington4u@cbslocal.com,Female,03/07/1981,CN,263-993-0796
176,Roby,Levane,rlevane4v@phpbb.com,Female,11/04/1958,EG,658-561-9929
177,Audrie,MacNeachtain,amacneachtain4w@amazon.co.uk,Female,15/01/1976,GR,795-828-8702
178,Shell,Griffith,sgriffith4x@arstechnica.com,Male,20/06/1978,NG,392-865-3020
179,Cad,Raleston,craleston4y@epa.gov,Male,16/10/1975,FR,715-604-2794
180,Delores,Mc Caghan,dmccaghan4z@vimeo.com,Female,29/10/1980,RU,597-308-2671
181,Sansone,Shorter,sshorter50@quantcast.com,Male,23/02/1972,ET,285-461-7026
182,Barbe,Bougen,bbougen51@reuters.com,Female,18/01/1988,AR,358-457-9149
183,Andreana,Jump,ajump52@tiny.cc,Female,01/06/1977,RU,871-774-7566
184,Anatole,Bygott,abygott53@youtu.be,Male,07/05/1994,GR,513-385-7387
185,Kipp,Roskelley,kroskelley54@google.it,Male,18/11/1993,PH,383-171-9269
186,Angela,Jozefowicz,ajozefowicz55@java.com,Female,24/06/1990,CN,736-802-8563
187,Aleta,Starsmeare,astarsmeare56@wikimedia.org,Female,11/12/1952,FM,405-960-2704
188,Leland,Herley,lherley57@skyrock.com,Male,31/01/1996,PL,908-366-5542
189,Lyell,Scawn,lscawn58@statcounter.com,Male,07/02/1977,ID,211-458-0182
190,Celeste,Shepland,cshepland59@reuters.com,Female,25/04/1966,BR,138-302-9287
191,Debee,Oakwood,doakwood5a@xinhuanet.com,Female,31/01/1994,BR,485-662-6254
192,Pamella,Walesby,pwalesby5b@theatlantic.com,Female,13/03/1992,FR,953-501-8835
193,Freeman,Shallcross,fshallcross5c@theglobeandmail.com,Male,05/07/2003,BR,737-219-9386
194,Demetria,Masey,dmasey5d@sbwire.com,Female,18/07/1983,ID,233-902-5010
195,Zeke,Sliney,zsliney5e@wikimedia.org,Male,12/08/1975,BR,696-689-7654
196,Marleen,Gildea,mgildea5f@kickstarter.com,Female,27/01/1960,UA,178-832-9453
197,Alverta,Takkos,atakkos5g@oaic.gov.au,Female,15/12/1959,ID,209-475-3202
198,Colby,Byers,cbyers5h@wufoo.com,Male,12/06/1984,AW,910-928-8601
199,Harley,Frankis,hfrankis5i@mashable.com,Male,10/07/1974,AR,938-767-6788
200,Leda,Sibbons,lsibbons5j@examiner.com,Female,08/01/1966,PL,472-110-9768
201,Kayley,Harrap,kharrap5k@omniture.com,Female,22/02/1997,ID,416-223-0097
202,Adah,Dachey,adachey5l@tamu.edu,Bigender,08/10/1970,BG,577-240-6017
203,Tonia,Rapin,trapin5m@dedecms.com,Female,25/09/1977,CN,457-894-5017
204,Caz,Eastwood,ceastwood5n@ucla.edu,Male,15/04/1994,VN,395-848-8559
205,Janis,Yoodall,jyoodall5o@mozilla.org,Female,15/03/1983,MA,936-147-2611
206,Saunders,Caskie,scaskie5p@theglobeandmail.com,Male,07/06/1989,CN,936-359-6896
207,Ailey,Pendreigh,apendreigh5q@51.la,Genderqueer,12/07/2001,NG,465-393-9352
208,Tracy,Dawton,tdawton5r@noaa.gov,Female,22/05/1993,CN,448-253-5581
209,Ramon,Aberkirder,raberkirder5s@wsj.com,Polygender,08/10/1955,CN,599-375-7041
210,Alidia,Marchant,amarchant5t@indiegogo.com,Female,22/11/2000,MG,600-561-3038
211,Calvin,Hale,chale5u@uol.com.br,Male,12/09/1973,CN,773-915-1662
212,Tommi,Portugal,tportugal5v@pbs.org,Female,11/06/1978,AF,213-806-0910
213,Kelsi,Rugge,krugge5w@pbs.org,Female,10/11/2002,IR,842-113-1868
214,Jonah,Sherrocks,jsherrocks5x@cbslocal.com,Male,10/08/1974,CD,158-505-5223
215,Walton,Riply,wriply5y@cam.ac.uk,Male,21/05/1983,ID,788-839-4023
216,Lani,Corden,lcorden5z@sourceforge.net,Female,26/03/1994,CN,704-135-4332
217,Adelbert,Hutt,ahutt60@nps.gov,Male,11/12/1951,RU,734-614-1519
218,Raychel,Haxell,rhaxell61@feedburner.com,Female,29/09/1978,PH,146-280-8905
219,Nalani,Vockings,nvockings62@jigsy.com,Polygender,11/11/1987,GR,680-899-2504
220,Lorie,Hollingby,lhollingby63@java.com,Polygender,09/10/1953,AR,646-973-0419
221,Allie,Rewcastle,arewcastle64@chicagotribune.com,Female,20/07/2001,TH,326-271-8887
222,Pauly,Veljes,pveljes65@nyu.edu,Female,17/08/1981,CR,346-592-8017
223,Elsy,Beams,ebeams66@vimeo.com,Female,26/10/1960,ID,335-233-0047
224,Maurine,Deavall,mdeavall67@buzzfeed.com,Female,21/01/1964,KG,865-825-5132
225,Sher,Harlick,sharlick68@pen.io,Female,31/08/1977,CZ,645-404-1851
226,Darrick,Golder,dgolder69@exblog.jp,Male,20/05/1981,CN,947-507-8310
227,Katy,Wallach,kwallach6a@nature.com,Female,22/05/1980,PE,633-149-3517
228,Ulises,Rolston,urolston6b@acquirethisname.com,Male,30/05/1968,LV,587-159-0143
229,Gabbie,O'Regan,goregan6c@microsoft.com,Female,27/07/1993,IR,348-305-8996
230,Channa,Tregidga,ctregidga6d@bizjournals.com,Female,03/01/1953,SE,429-793-7192
231,Dinah,Pickwell,dpickwell6e@issuu.com,Female,14/07/1971,ID,926-784-4686
232,Trueman,Merricks,tmerricks6f@joomla.org,Male,07/06/1997,RU,429-573-0847
233,Rosamund,Yashunin,ryashunin6g@t.co,Female,03/06/1956,SE,950-471-4755
234,Mollie,Pople,mpople6h@usnews.com,Agender,26/02/1972,RU,371-898-9838
235,Germain,Akram,gakram6i@comcast.net,Male,20/09/1999,LU,105-356-5959
236,Amalia,Curryer,acurryer6j@addthis.com,Female,17/07/1998,RU,143-124-5500
237,Malinde,Lumbly,mlumbly6k@tumblr.com,Female,05/08/1967,BR,715-736-8914
238,Crystie,Ribey,cribey6l@dyndns.org,Female,05/07/1961,PE,869-448-4732
239,Shawn,Ranger,sranger6m@lulu.com,Non-binary,15/02/1990,BR,182-256-2330
240,Bronson,Livingstone,blivingstone6n@macromedia.com,Male,26/02/1999,CZ,223-418-2354
241,Mohandas,Mary,mmary6o@icq.com,Male,24/02/1977,CZ,287-653-8145
242,Muire,Izakson,mizakson6p@bluehost.com,Female,03/09/1996,ID,350-371-1447
243,Birgitta,Bellin,bbellin6q@simplemachines.org,Female,06/12/1975,ID,518-345-7477
244,Harbert,Battyll,hbattyll6r@craigslist.org,Male,05/09/1975,JP,634-429-7964
245,Noel,Lillywhite,nlillywhite6s@1688.com,Male,31/05/1958,PL,873-391-8017
246,Somerset,Sandilands,ssandilands6t@tuttocitta.it,Male,18/12/1995,GN,662-786-8925
247,Gwenore,Gillmor,ggillmor6u@creativecommons.org,Female,09/10/1997,CO,311-483-5174
248,Minette,Whelband,mwhelband6v@bravesites.com,Female,07/10/1972,ID,497-136-2106
249,Rayner,Housen,rhousen6w@smh.com.au,Male,09/05/1998,CN,278-631-3319
250,Nicky,Lindwasser,nlindwasser6x@cbc.ca,Male,20/07/1985,CN,998-374-4171
251,Danna,Siveyer,dsiveyer6y@free.fr,Female,13/09/1970,ID,655-133-4635
252,Joscelin,Buyers,jbuyers6z@thetimes.co.uk,Female,27/01/1978,FR,364-452-4376
253,Pryce,Hucquart,phucquart70@paypal.com,Male,05/07/1978,PH,421-303-2764
254,Steward,Binfield,sbinfield71@oakley.com,Male,28/03/1991,US,561-127-4470
255,Willie,Nielson,wnielson72@tinyurl.com,Male,12/02/1984,ID,137-314-1649
256,Joanie,Dessant,jdessant73@nature.com,Female,28/12/1980,UA,939-903-1315
257,Murray,Temple,mtemple74@alibaba.com,Male,28/03/1979,PH,741-259-8863
258,Clay,Korf,ckorf75@woothemes.com,Male,01/11/1986,CN,685-786-1974
259,Mozelle,Skentelbery,mskentelbery76@tamu.edu,Female,06/07/1960,PH,960-112-4223
260,Rosemonde,Burbank,rburbank77@irs.gov,Female,28/05/1979,BR,948-779-0708
261,Angelique,Trinbey,atrinbey78@ustream.tv,Female,03/12/1983,ID,122-936-8246
262,Jory,Gavin,jgavin79@addthis.com,Male,21/09/1961,KZ,331-568-3473
263,Cherianne,Tulleth,ctulleth7a@rambler.ru,Female,03/09/2001,SI,987-939-8508
264,Rory,O'Luby,roluby7b@pagesperso-orange.fr,Male,08/07/1972,PE,200-279-3539
265,Giraldo,Cabel,gcabel7c@wikispaces.com,Male,24/06/1980,CN,926-846-1867
266,Mechelle,Ridel,mridel7d@dropbox.com,Female,24/09/1977,YE,496-580-8511
267,Zelma,Wilderspoon,zwilderspoon7e@netscape.com,Bigender,26/10/1961,PH,579-243-7924
268,Katee,Poetz,kpoetz7f@google.com.hk,Female,02/07/1958,US,414-125-9849
269,Anton,Shedden,ashedden7g@uiuc.edu,Male,12/06/1955,CN,527-886-7580
270,Mathilda,Cona,mcona7h@issuu.com,Female,22/04/1986,NL,180-391-2434
271,Kaia,Clemon,kclemon7i@salon.com,Female,12/06/1963,LY,607-355-5138
272,Bing,Durno,bdurno7j@tumblr.com,Male,29/01/1966,CN,760-905-9973
273,Clarke,Bascomb,cbascomb7k@icio.us,Male,14/08/1971,SN,766-871-6630
274,Freddie,Canadas,fcanadas7l@multiply.com,Non-binary,29/12/1957,ID,949-155-2080
275,Ave,Handman,ahandman7m@nih.gov,Male,17/10/1992,CN,798-151-3732
276,Tamra,Blacklock,tblacklock7n@myspace.com,Female,30/05/1983,CN,413-900-9441
277,Zuzana,Freeburn,zfreeburn7o@theglobeandmail.com,Female,30/09/1960,ID,671-373-3205
278,Emory,McMychem,emcmychem7p@sbwire.com,Male,26/12/1962,JP,398-853-1249
279,Jehanna,Crowther,jcrowther7q@plala.or.jp,Female,09/11/1959,RS,765-867-2642
280,Madelena,Sabbin,msabbin7r@blogs.com,Female,08/01/1980,CN,429-970-4878
281,Vidovic,Scudders,vscudders7s@plala.or.jp,Male,13/01/1951,CN,804-647-7576
282,Amelina,Naseby,anaseby7t@microsoft.com,Female,21/05/1957,EE,196-983-8466
283,Janela,Goodliff,jgoodliff7u@wunderground.com,Female,02/01/1961,BR,553-327-2903
284,Romona,Mc Dermid,rmcdermid7v@vimeo.com,Female,30/09/1983,PL,270-794-9924
285,Carlota,Spring,cspring7w@hugedomains.com,Female,26/04/1953,TH,244-112-3153
286,Marlon,Cretney,mcretney7x@prlog.org,Male,09/03/1999,CN,886-596-4620
287,Sergent,Brainsby,sbrainsby7y@umn.edu,Male,27/09/1957,ID,843-336-1240
288,Shepherd,D'Antonio,sdantonio7z@dot.gov,Male,29/07/1998,TN,562-500-7897
289,Galvin,Eccles,geccles80@naver.com,Male,13/03/1995,XK,866-148-1202
290,Dennie,Ferre,dferre81@wikimedia.org,Male,12/08/2003,CN,380-757-0745
291,Abbey,Giannazzi,agiannazzi82@studiopress.com,Male,16/11/1998,CZ,576-169-5200
292,Catharine,Tidder,ctidder83@intel.com,Female,09/11/1991,JP,400-483-0955
293,Carlin,Wyon,cwyon84@blogs.com,Male,14/12/1999,UA,706-576-0419
294,Fonzie,Tumielli,ftumielli85@prlog.org,Male,23/02/1991,NG,332-101-5389
295,Dean,Kuhlmey,dkuhlmey86@epa.gov,Male,26/09/2002,BI,866-161-4947
296,Preston,Kilminster,pkilminster87@mashable.com,Genderfluid,25/04/1993,ID,841-404-4790
297,Bette-ann,Casbon,bcasbon88@toplist.cz,Female,28/12/1982,NG,450-238-9501
298,Christabel,Joanaud,cjoanaud89@time.com,Female,23/11/1963,MX,236-951-7621
299,Benedikt,Lugard,blugard8a@soup.io,Male,13/11/1981,JP,594-590-3736
300,Joyous,Muckloe,jmuckloe8b@cmu.edu,Female,13/02/1975,ID,549-379-5041
301,Sigrid,Radford,sradford8c@cbsnews.com,Female,31/03/1963,NG,900-100-1840
302,Colan,Allgood,callgood8d@latimes.com,Male,17/07/1954,ID,514-146-3028
303,Bunni,Iban,biban8e@canalblog.com,Non-binary,15/10/1970,CN,642-954-9857
304,Colby,Meachen,cmeachen8f@wp.com,Agender,30/06/1988,MN,581-172-6725
305,Eadie,Vakhonin,evakhonin8g@phpbb.com,Non-binary,13/01/1959,FR,277-878-8907
306,Pia,Woodison,pwoodison8h@columbia.edu,Female,30/04/1953,PE,860-737-3623
307,Cirillo,Everitt,ceveritt8i@hostgator.com,Male,27/04/1988,PL,728-511-3644
308,Hillier,Nuscha,hnuscha8j@redcross.org,Male,13/07/1992,MY,262-464-0569
309,Brody,Towse,btowse8k@umich.edu,Male,02/01/1985,BR,248-344-8159
310,Fields,Roubay,froubay8l@godaddy.com,Male,20/10/1985,FR,271-503-5986
311,Marja,Adamsen,madamsen8m@webeden.co.uk,Female,19/03/1952,CA,825-388-4523
312,Garv,Kensley,gkensley8n@illinois.edu,Male,27/06/1974,CN,907-933-4248
313,Sela,Oller,soller8o@photobucket.com,Female,18/01/1980,MX,602-576-1989
314,Giraud,Frankom,gfrankom8p@ifeng.com,Male,25/11/1966,GT,300-362-7947
315,Jamill,Cumberledge,jcumberledge8q@ucla.edu,Male,22/11/1955,ID,176-666-7899
316,Jervis,Warters,jwarters8r@army.mil,Male,15/12/1962,CN,754-278-0439
317,Pinchas,Ferenczi,pferenczi8s@nps.gov,Genderqueer,15/12/1991,CN,783-520-1231
318,Roch,Nottingham,rnottingham8t@toplist.cz,Female,17/01/1988,JP,290-799-4602
319,Kenny,Rawlison,krawlison8u@dedecms.com,Male,23/01/1954,JP,153-636-1546
320,Ashlan,Bog,abog8v@mayoclinic.com,Polygender,30/06/1971,CN,907-182-1676
321,Danell,Neale,dneale8w@sbwire.com,Female,14/06/1964,PL,403-699-0057
322,Silvio,Dumbarton,sdumbarton8x@macromedia.com,Male,07/03/1955,PE,586-634-4550
323,Shandeigh,Jeandeau,sjeandeau8y@networkadvertising.org,Female,13/02/1987,MX,109-240-5566
324,Colleen,Embling,cembling8z@weather.com,Female,05/12/1979,NO,135-415-3513
325,Elysia,Craddy,ecraddy90@uiuc.edu,Female,15/12/1964,CN,543-576-4920
326,Jens,Laydel,jlaydel91@army.mil,Male,02/03/1956,CN,350-866-3008
327,Iormina,Comiam,icomiam92@tumblr.com,Female,03/05/2001,ID,693-450-3767
328,Karney,Whybray,kwhybray93@dagondesign.com,Male,29/10/1970,CN,525-963-6509
329,Sheff,Weyman,sweyman94@hc360.com,Male,12/07/1970,SL,228-770-6756
330,Charlot,Veel,cveel95@smugmug.com,Female,18/03/1957,JP,355-364-0856
331,Bucky,Longfellow,blongfellow96@elegantthemes.com,Male,29/05/1981,GB,702-395-4235
332,Abbe,Hirjak,ahirjak97@paginegialle.it,Male,23/09/1989,UZ,765-432-6814
333,Karna,Brundale,kbrundale98@gov.uk,Female,21/05/1990,PH,473-914-6802
334,Gallagher,Pascho,gpascho99@soundcloud.com,Male,24/02/1961,JP,519-662-9905
335,Austin,Alentyev,aalentyev9a@so-net.ne.jp,Female,06/02/1976,SE,932-671-4335
336,Hadley,Suero,hsuero9b@ehow.com,Male,02/10/1975,KE,922-906-9216
337,Waldo,Lagden,wlagden9c@google.ca,Male,22/06/1985,CN,668-865-0399
338,Annie,Adamovicz,aadamovicz9d@eepurl.com,Female,25/01/1974,CA,941-502-3522
339,Viv,Steadman,vsteadman9e@sbwire.com,Female,17/10/1952,CN,181-902-8620
340,Jillene,Blindt,jblindt9f@4shared.com,Genderfluid,10/02/1968,ID,359-222-9097
341,Tracy,Whatsize,twhatsize9g@europa.eu,Bigender,01/03/1963,US,318-251-7834
342,Daniele,O'Currine,docurrine9h@twitter.com,Female,12/02/2001,LY,510-663-2082
343,Witty,Kapelhof,wkapelhof9i@wsj.com,Genderfluid,17/10/1966,ID,636-453-0374
344,Ronny,Ferrarone,rferrarone9j@walmart.com,Male,20/06/1968,ID,231-740-1807
345,Aprilette,Node,anode9k@bloglines.com,Female,02/07/1967,NO,976-700-1272
346,Winnifred,Raphael,wraphael9l@pinterest.com,Female,08/06/1971,CN,542-299-8606
347,Giraldo,Handyside,ghandyside9m@census.gov,Male,26/11/2003,ZW,340-183-1501
348,Stefania,Dollin,sdollin9n@joomla.org,Female,12/11/1956,PL,794-176-1703
349,Lydia,Ianniello,lianniello9o@livejournal.com,Female,16/10/1974,RU,998-333-8746
350,Miles,Silby,msilby9p@bbb.org,Male,23/11/1980,FR,943-968-0788
351,Lynea,Welland,lwelland9q@facebook.com,Female,13/07/1967,PT,206-475-1793
352,Maxy,Hullins,mhullins9r@amazon.com,Female,14/02/2001,CN,356-347-5471
353,Teddie,Antonowicz,tantonowicz9s@blog.com,Female,19/01/1957,EG,780-519-7284
354,Cammy,Pablos,cpablos9t@vinaora.com,Female,18/03/1997,ID,204-221-1559
355,Roosevelt,Gebuhr,rgebuhr9u@economist.com,Male,03/03/1964,BR,952-574-8769
356,Martie,Cambling,mcambling9v@wordpress.org,Male,12/05/1986,MU,984-684-5286
357,Silvie,Honnicott,shonnicott9w@google.ca,Female,16/05/1973,BR,230-580-9402
358,Caryl,Oscroft,coscroft9x@hibu.com,Female,20/11/1951,MM,786-625-5885
359,Blair,Bradnick,bbradnick9y@nymag.com,Female,26/09/1993,ID,506-430-0417
360,Leigh,Buesnel,lbuesnel9z@shop-pro.jp,Male,24/07/2003,EE,780-221-5393
361,Dinah,Vina,dvinaa0@behance.net,Female,29/09/1960,CN,385-797-7154
362,Bertine,Daniell,bdaniella1@mapquest.com,Female,26/08/1961,AR,893-461-4979
363,Marven,Tyrone,mtyronea2@printfriendly.com,Male,03/08/1968,RU,637-891-2497
364,Penny,Jeary,pjearya3@joomla.org,Male,10/09/2001,TH,991-542-3303
365,Benedicto,Chasteau,bchasteaua4@yolasite.com,Male,20/02/1971,US,504-388-9035
366,Tybie,Daudray,tdaudraya5@theatlantic.com,Female,13/02/1979,RU,316-371-7404
367,Hartley,Lockhead,hlockheada6@miibeian.gov.cn,Male,04/02/1973,CN,617-584-1841
368,Camilla,O'Donoghue,codonoghuea7@techcrunch.com,Female,28/09/1961,CN,721-959-5099
369,Rusty,Bonus,rbonusa8@bizjournals.com,Male,18/11/1993,JP,121-718-0165
370,Isabella,Bourchier,ibourchiera9@businessinsider.com,Non-binary,17/11/1954,SY,477-706-8125
371,Merna,Scneider,mscneideraa@themeforest.net,Female,13/07/1967,SE,563-373-3722
372,Job,Graveney,jgraveneyab@skype.com,Male,22/10/2001,CN,958-272-9560
373,Arabele,Ishchenko,aishchenkoac@columbia.edu,Female,02/09/1982,TH,946-336-3889
374,Perle,Tyreman,ptyremanad@ask.com,Female,09/08/1952,NO,162-109-4477
375,Maren,Wedon,mwedonae@dagondesign.com,Bigender,27/08/1981,US,212-549-5125
376,Anitra,Gleadle,agleadleaf@twitpic.com,Female,05/09/1965,CO,153-307-2871
377,Tina,Spurryer,tspurryerag@desdev.cn,Female,17/09/1999,PT,625-187-9402
378,Angelle,Jikylls,ajikyllsah@statcounter.com,Female,29/10/1986,ID,266-797-3441
379,Homere,Keedwell,hkeedwellai@adobe.com,Male,10/09/1999,PL,333-192-2169
380,Mason,Danielovitch,mdanielovitchaj@last.fm,Male,25/11/1971,CN,215-925-6523
381,Francois,Mapplebeck,fmapplebeckak@deliciousdays.com,Male,14/06/1969,CN,102-974-2189
382,Buiron,Kelloway,bkellowayal@vimeo.com,Genderqueer,15/05/1985,JP,585-242-8876
383,Ailene,Blevin,ablevinam@netlog.com,Female,02/08/1992,SY,121-804-9558
384,Sigismundo,Milch,smilchan@blinklist.com,Male,13/10/1968,PS,397-255-8791
385,Egor,Whyffen,ewhyffenao@slate.com,Male,19/04/1988,ID,729-694-7791
386,Abbey,Guilbert,aguilbertap@aol.com,Female,24/01/1950,BR,354-844-9675
387,Obediah,MacTrustam,omactrustamaq@netscape.com,Male,14/05/1989,PT,898-416-2054
388,Lazarus,Tydeman,ltydemanar@un.org,Male,19/02/1978,PH,596-125-9116
389,Gwenore,Chardin,gchardinas@illinois.edu,Female,17/03/1961,BR,114-569-8169
390,Austine,Tomeo,atomeoat@independent.co.uk,Female,06/01/1975,PH,952-267-7388
391,Devondra,Bernardet,dbernardetau@webmd.com,Female,09/05/1994,ID,591-711-5514
392,Elias,Praundl,epraundlav@google.nl,Male,04/08/1970,KM,745-719-5128
393,Falkner,Bole,fboleaw@yahoo.co.jp,Male,05/10/1981,PT,382-888-1412
394,Boot,Prestige,bprestigeax@infoseek.co.jp,Male,29/05/1952,GE,187-460-5304
395,Noelani,Millson,nmillsonay@constantcontact.com,Female,23/02/1961,RS,318-562-8264
396,Alick,Disbrow,adisbrowaz@bandcamp.com,Male,30/01/1995,FR,368-974-3413
397,Collette,Kimmerling,ckimmerlingb0@mayoclinic.com,Female,13/05/1991,PL,188-820-3070
398,Edan,Lusher,elusherb1@ted.com,Male,13/12/1960,PT,575-264-5067
399,Wren,Jaffra,wjaffrab2@free.fr,Female,27/08/1986,MN,141-939-1633
400,Shaine,Betjes,sbetjesb3@mysql.com,Male,26/10/1971,CN,830-810-4680
401,Ketti,Zamboniari,kzamboniarib4@tuttocitta.it,Female,31/12/2001,AR,687-354-1932
402,Kennith,Snalham,ksnalhamb5@youtube.com,Male,25/04/1985,CN,132-171-5162
403,Samaria,Commin,scomminb6@tamu.edu,Female,16/01/1952,PE,148-662-1264
404,Ulrike,Sabati,usabatib7@stumbleupon.com,Female,26/09/1957,RU,833-649-7022
405,Luther,Strover,lstroverb8@utexas.edu,Male,08/05/1991,RU,606-181-8645
406,Armstrong,Pitrasso,apitrassob9@mlb.com,Male,11/06/1956,ID,553-990-8716
407,Claudio,Lyste,clysteba@dell.com,Male,15/06/1968,TH,296-314-1485
408,Ferdie,Skirven,fskirvenbb@reddit.com,Male,11/11/1997,PH,856-600-3405
409,Daile,Lithgow,dlithgowbc@chicagotribune.com,Female,05/06/1960,ID,939-433-9056
410,Korney,Greenin,kgreeninbd@tinypic.com,Female,29/06/1955,CN,110-403-0316
411,Kissiah,Calvie,kcalviebe@msn.com,Female,02/09/1996,ML,615-383-7381
412,Terrill,Alejandro,talejandrobf@slate.com,Male,28/10/1963,PT,118-778-0890
413,Ferguson,Lightbowne,flightbownebg@ca.gov,Male,22/03/1954,PH,711-435-9662
414,Erv,Hambling,ehamblingbh@slashdot.org,Male,14/12/1975,CN,478-623-7922
415,Letta,Rannigan,lranniganbi@ocn.ne.jp,Female,26/04/1957,PA,692-620-9894
416,Kit,Spiring,kspiringbj@netlog.com,Male,18/05/1950,CN,444-107-0697
417,Diandra,Beckinsall,dbeckinsallbk@wiley.com,Female,08/12/1960,KP,334-248-2162
418,Ann,Crannage,acrannagebl@unblog.fr,Female,28/03/1996,PH,241-434-4468
419,Natividad,Wandrey,nwandreybm@jalbum.net,Female,04/11/1961,PE,396-951-7005
420,Don,Tiller,dtillerbn@oracle.com,Male,08/07/1961,NL,565-736-2432
421,Jeniffer,Spyer,jspyerbo@wp.com,Polygender,07/01/1995,CN,950-565-9950
422,Portie,Dulany,pdulanybp@sun.com,Male,06/07/1966,CN,762-382-2472
423,Calida,Espinay,cespinaybq@theguardian.com,Female,27/02/1988,CO,115-933-3086
424,Genni,Whichelow,gwhichelowbr@moonfruit.com,Female,24/08/1992,PH,832-560-4010
425,Alic,O'Dare,aodarebs@sfgate.com,Male,23/02/1962,MN,889-448-9478
426,Marybelle,Edgcumbe,medgcumbebt@salon.com,Female,17/12/1984,ID,548-831-2832
427,Jillana,Phair,jphairbu@ihg.com,Female,20/01/1988,CN,894-609-9788
428,Danila,Larderot,dlarderotbv@washington.edu,Female,11/03/1974,RU,292-879-2284
429,Ivar,Mault,imaultbw@psu.edu,Agender,27/07/1980,CY,483-816-1951
430,Falito,Brangan,fbranganbx@discuz.net,Male,07/08/1964,MA,936-796-6691
431,Jolie,Willmett,jwillmettby@army.mil,Female,25/11/1968,TH,842-462-4634
432,Roselia,Blader,rbladerbz@tmall.com,Female,10/06/2002,BR,637-879-2871
433,Anthia,Renvoise,arenvoisec0@posterous.com,Female,22/05/1972,PH,197-246-1061
434,Amanda,Brickell,abrickellc1@arstechnica.com,Female,15/02/1950,VN,709-779-1483
435,Janean,Lighton,jlightonc2@guardian.co.uk,Female,26/03/1968,ID,988-945-9608
436,Gregoor,Diess,gdiessc3@reference.com,Male,30/05/1993,CN,526-755-2772
437,Ryann,Sarll,rsarllc4@seesaa.net,Female,27/05/1967,CN,476-538-4176
438,Robbie,Litterick,rlitterickc5@mlb.com,Female,22/06/1998,PH,429-704-5827
439,Reid,Screaton,rscreatonc6@meetup.com,Male,24/03/1988,US,412-775-5913
440,Laurens,Grocock,lgrocockc7@whitehouse.gov,Male,19/07/1992,RU,679-451-5693
441,Temple,Rive,trivec8@scientificamerican.com,Male,20/08/1992,CN,982-930-8991
442,Ricoriki,Harnwell,rharnwellc9@ebay.co.uk,Male,28/01/1969,IQ,426-150-0822
443,Valry,Clace,vclaceca@deliciousdays.com,Female,01/03/1993,PH,222-273-5981
444,Adham,Postlethwaite,apostlethwaitecb@ustream.tv,Male,30/11/1999,ZA,582-227-7672
445,Rachelle,Howen,rhowencc@networkadvertising.org,Agender,10/12/1964,PA,686-969-2953
446,Tabor,Russell,trussellcd@blogspot.com,Male,24/08/1971,IL,227-512-2256
447,Randall,Pawelke,rpawelkece@marketwatch.com,Male,08/01/1972,ID,564-335-0465
448,Ellissa,Rumming,erummingcf@answers.com,Female,19/05/1969,PH,974-901-5460
449,Kevin,Buten,kbutencg@disqus.com,Male,25/11/1952,HN,160-721-4975
450,Udell,Bateup,ubateupch@w3.org,Male,16/12/1986,UA,624-987-9091
451,Nicolette,Mille,nmilleci@about.com,Female,24/10/1959,CZ,916-862-0650
452,Devin,Van Arsdalen,dvanarsdalencj@marriott.com,Agender,05/08/1957,CN,523-962-4389
453,Kennett,Petyakov,kpetyakovck@amazon.de,Male,27/10/1982,RU,743-357-0136
454,Sigismund,Boshell,sboshellcl@dion.ne.jp,Male,01/10/1962,PT,126-471-1748
455,Robinet,Cottel,rcottelcm@quantcast.com,Male,20/10/1988,GR,847-212-5500
456,Garth,Bram,gbramcn@gnu.org,Male,24/07/1988,CN,998-864-9792
457,Simone,Burgen,sburgenco@cnet.com,Female,26/12/1970,CN,644-651-3386
458,Christalle,Connow,cconnowcp@shareasale.com,Female,14/03/1955,SI,294-999-3424
459,Sherry,Melmoth,smelmothcq@linkedin.com,Female,03/10/2000,CA,278-161-2877
460,Tedman,Ferrieres,tferrierescr@devhub.com,Male,20/06/1970,MK,297-976-5655
461,Sapphira,Thomerson,sthomersoncs@technorati.com,Agender,20/12/1999,RU,315-801-0172
462,Correy,Illem,cillemct@dedecms.com,Male,30/01/1971,PT,642-430-0052
463,Margalo,Tankin,mtankincu@dedecms.com,Female,11/03/1995,CN,608-892-0278
464,Etienne,Cripin,ecripincv@telegraph.co.uk,Male,24/08/1971,CU,575-266-0632
465,Guillermo,Rowes,growescw@desdev.cn,Genderqueer,15/10/1991,PH,832-887-3422
466,Lela,Hug,lhugcx@bbb.org,Female,12/05/1991,TD,174-691-4166
467,Elvyn,Dumphy,edumphycy@google.ru,Male,08/05/1991,CA,119-774-8782
468,Winny,Gommery,wgommerycz@unc.edu,Non-binary,30/03/1991,ZA,225-830-6416
469,Tobe,Radage,tradaged0@bbb.org,Male,25/04/2001,TN,199-366-5257
470,Becca,Gullis,bgullisd1@chicagotribune.com,Female,13/11/1976,CN,135-310-8136
471,Boyd,Brunelli,bbrunellid2@theatlantic.com,Male,02/06/1961,RU,916-631-2617
472,Dorita,Wagenen,dwagenend3@instagram.com,Female,16/11/1976,RS,842-440-9549
473,Ethelda,Wink,ewinkd4@rediff.com,Female,25/01/1970,CN,924-184-1341
474,Felecia,Jellman,fjellmand5@fc2.com,Female,28/03/1984,CN,954-320-9495
475,Clare,Sibbit,csibbitd6@cbsnews.com,Male,12/08/1979,ID,278-598-6291
476,Kris,Bousquet,kbousquetd7@google.de,Male,28/02/1962,PL,446-212-3993
477,Ryon,Senton,rsentond8@china.com.cn,Polygender,22/04/1984,PH,533-123-8686
478,Finlay,Harverson,fharversond9@myspace.com,Male,10/06/1954,RU,821-117-3197
479,Carissa,Morphew,cmorphewda@sina.com.cn,Female,02/06/1982,CN,855-604-7384
480,Antonin,McMurtyr,amcmurtyrdb@cbslocal.com,Male,10/03/1954,MK,727-294-8038
481,Florella,Powe,fpowedc@cornell.edu,Female,23/12/1955,RU,583-672-9894
482,Leticia,Berthot,lberthotdd@chicagotribune.com,Female,01/04/1973,CN,352-833-7929
483,Findley,Birdsall,fbirdsallde@netlog.com,Male,03/11/1958,CN,742-390-5806
484,Hilliard,Creighton,hcreightondf@tmall.com,Male,25/02/1955,GR,980-442-4561
485,Benito,Gaspero,bgasperodg@histats.com,Male,21/01/1994,LV,548-273-4390
486,Lyssa,Trillow,ltrillowdh@merriam-webster.com,Female,09/10/2000,CN,744-466-7306
487,Lanette,Balharry,lbalharrydi@bravesites.com,Female,20/01/1992,CM,336-165-8944
488,Christoffer,Dumsday,cdumsdaydj@wikipedia.org,Male,30/07/1955,PT,671-390-7302
489,Chas,Sales,csalesdk@devhub.com,Male,05/02/2002,ID,543-882-3654
490,Reba,Frow,rfrowdl@ebay.co.uk,Female,15/08/1985,PH,126-308-9325
491,Teddy,Parysiak,tparysiakdm@virginia.edu,Female,01/08/1987,CN,889-200-8403
492,Robbie,Lavarack,rlavarackdn@hugedomains.com,Female,05/02/1955,CO,887-646-0829
493,Ezechiel,Alexsandrov,ealexsandrovdo@forbes.com,Male,01/12/1989,AR,994-970-3028
494,Bailey,Karpinski,bkarpinskidp@hhs.gov,Male,30/10/1999,AR,129-343-2508
495,Lydon,Hulk,lhulkdq@trellian.com,Male,11/01/1952,ID,399-874-1185
496,Hyatt,Hoyes,hhoyesdr@blogs.com,Male,28/09/1954,CN,934-158-2760
497,Corinne,Learoid,clearoidds@sbwire.com,Polygender,06/10/2003,RU,164-379-1651
498,Wolfgang,Ferrick,wferrickdt@cam.ac.uk,Male,15/01/1987,CN,253-271-5177
499,Ardeen,Zylberdik,azylberdikdu@hud.gov,Female,04/08/1954,CN,277-134-3270
500,Emmit,Holston,eholstondv@1688.com,Male,26/05/1968,GR,729-250-0627
501,Bendick,Blackie,bblackiedw@nhs.uk,Male,31/03/1984,ID,992-449-4800
502,Howard,Nichol,hnicholdx@dedecms.com,Male,01/05/1983,CN,623-276-6505
503,Cobb,Kingswoode,ckingswoodedy@typepad.com,Male,15/05/1958,UA,251-999-7200
504,Joelly,Lemm,jlemmdz@unblog.fr,Female,26/07/1983,PL,508-548-5901
505,Hogan,Stendell,hstendelle0@bizjournals.com,Male,27/03/1984,CN,573-111-6307
506,Armando,Harrismith,aharrismithe1@wix.com,Male,10/05/1950,MD,491-831-5947
507,Sherlocke,Harrigan,sharrigane2@ibm.com,Male,17/06/1967,ID,392-910-7618
508,Stacie,Pentony,spentonye3@artisteer.com,Female,07/07/1999,CN,949-368-7316
509,Gib,Bellord,gbellorde4@apache.org,Male,10/08/1952,ID,644-774-6133
510,Edmund,Tupp,etuppe5@odnoklassniki.ru,Male,10/07/2002,US,405-629-5573
511,Elicia,Docharty,edochartye6@naver.com,Female,08/11/1979,BR,803-768-3774
512,Linette,Scarsbrook,lscarsbrooke7@com.com,Female,14/12/1998,ID,672-963-6232
513,Devon,Buyers,dbuyerse8@amazon.com,Female,06/07/1985,CN,395-541-6564
514,Katina,Mewitt,kmewitte9@arstechnica.com,Female,08/11/1981,GR,531-140-7510
515,Yves,Faucherand,yfaucherandea@homestead.com,Male,12/04/1951,CZ,957-582-3091
516,Rayner,Cawdron,rcawdroneb@barnesandnoble.com,Male,26/04/1961,CN,248-878-4499
517,Pietrek,Rickman,prickmanec@mozilla.com,Male,25/01/1983,CN,480-157-5747
518,Derrik,Mulvihill,dmulvihilled@dagondesign.com,Male,01/10/1982,CN,679-364-1981
519,Wes,Rhoades,wrhoadesee@cbslocal.com,Male,08/11/1958,IE,395-296-5865
520,Rowan,Shore,rshoreef@salon.com,Male,30/06/2001,CZ,609-274-6058
521,Foss,Earney,fearneyeg@indiegogo.com,Male,16/12/1977,CN,454-765-5253
522,Zaneta,Sargerson,zsargersoneh@salon.com,Female,18/07/2002,ID,174-146-3477
523,Fernanda,Velasquez,fvelasquezei@arizona.edu,Female,23/08/1976,CN,787-546-8681
524,Wilfrid,Klimkov,wklimkovej@timesonline.co.uk,Male,07/06/1988,IE,880-681-2122
525,Roger,Georgeau,rgeorgeauek@arstechnica.com,Male,22/12/1971,ID,259-871-9816
526,Chadwick,Jencken,cjenckenel@indiatimes.com,Male,02/08/1972,RU,440-655-0325
527,Nicolette,Crooke,ncrookeem@techcrunch.com,Female,25/08/1952,CN,749-117-8320
528,Grantham,Rosenqvist,grosenqvisten@exblog.jp,Male,21/09/1960,CN,545-637-7740
529,Claudelle,Creboe,ccreboeeo@msn.com,Female,03/06/1989,AR,900-700-4518
530,Marsh,Ten Broek,mtenbroekep@google.com,Male,16/07/1970,LK,987-271-8786
531,Edsel,Collins,ecollinseq@merriam-webster.com,Male,26/05/1980,KH,686-136-5829
532,Juline,Ruddick,jruddicker@si.edu,Female,27/06/1957,CN,317-416-0779
533,Alina,Keitch,akeitches@cornell.edu,Female,16/03/1983,CN,131-233-4089
534,Eliza,Speir,espeiret@tinyurl.com,Polygender,09/08/1982,ID,208-646-8167
535,Harvey,Liver,hlivereu@eepurl.com,Male,25/09/1989,CN,996-379-0308
536,Ardeen,Pindar,apindarev@multiply.com,Female,21/06/1951,PH,984-191-4353
537,Milka,Clohessy,mclohessyew@va.gov,Female,19/03/1988,US,860-319-5649
538,Reynold,Dinjes,rdinjesex@nyu.edu,Male,23/02/2001,RU,717-326-7719
539,Cort,Jordine,cjordineey@cbc.ca,Male,20/09/1990,CO,724-250-1078
540,Avigdor,Ceccoli,aceccoliez@ycombinator.com,Male,16/04/1958,PS,118-338-3869
541,Jamie,Sanbrook,jsanbrookf0@cdbaby.com,Agender,24/04/2003,ZA,948-630-0950
542,Hali,Hansberry,hhansberryf1@marriott.com,Female,16/12/1989,IE,539-467-4396
543,Aurlie,Ivison,aivisonf2@jugem.jp,Female,17/04/1963,CN,173-220-1461
544,Emilie,Crehan,ecrehanf3@cnet.com,Female,24/07/1983,UA,429-748-9005
545,Peder,Spoward,pspowardf4@hexun.com,Male,03/01/1999,BD,196-334-2910
546,Rhonda,Ranscomb,rranscombf5@newsvine.com,Female,21/05/1992,ID,748-263-3162
547,Alison,Hazel,ahazelf6@angelfire.com,Non-binary,07/03/1973,SD,719-113-3887
548,Culley,Hawes,chawesf7@e-recht24.de,Polygender,13/10/1985,VE,202-886-1354
549,Teddy,Magner,tmagnerf8@jugem.jp,Male,22/06/1995,ID,736-566-6502
550,Esra,Basilone,ebasilonef9@macromedia.com,Male,19/06/1950,PE,327-430-9075
551,Katerine,McMichael,kmcmichaelfa@ebay.com,Female,05/10/1953,FR,273-144-1716
552,Elmo,Dooher,edooherfb@omniture.com,Male,16/06/1968,FR,892-272-3112
553,Peria,Jamblin,pjamblinfc@zdnet.com,Female,30/03/1952,MD,317-401-8756
554,Tabina,Jakobssen,tjakobssenfd@msu.edu,Female,19/08/1956,MY,594-776-4358
555,Merrick,Bradfield,mbradfieldfe@hud.gov,Male,24/02/1979,SI,220-465-4276
556,Meagan,Findlay,mfindlayff@nih.gov,Genderqueer,31/08/1990,ZW,197-560-6328
557,Willa,Lafflin,wlafflinfg@who.int,Agender,13/10/1980,CN,649-214-3122
558,Orren,Croce,ocrocefh@smh.com.au,Male,01/06/1953,HR,845-800-4413
559,Ammamaria,Drewry,adrewryfi@mediafire.com,Bigender,08/02/1957,IR,682-938-9610
560,Hasty,Beckey,hbeckeyfj@google.com.hk,Male,15/06/2003,CN,435-999-1624
561,Gaile,Benes,gbenesfk@mapy.cz,Male,12/03/1988,ID,912-302-6448
562,Ferris,Chell,fchellfl@earthlink.net,Male,12/05/1969,RU,726-132-2268
563,Raynor,Udell,rudellfm@acquirethisname.com,Male,12/05/1975,CN,854-368-8841
564,Tull,Mattisson,tmattissonfn@meetup.com,Male,26/09/1961,CN,490-662-9726
565,Carrol,Vears,cvearsfo@opensource.org,Male,08/12/1973,ID,333-212-2511
566,Cassaundra,Sherreard,csherreardfp@illinois.edu,Female,05/02/1957,PT,187-238-9066
567,Tommi,Blakeston,tblakestonfq@cmu.edu,Female,09/03/1985,FR,658-768-6860
568,Saundra,Sneddon,ssneddonfr@surveymonkey.com,Male,11/04/1982,CN,148-709-3078
569,Tawnya,Ivasyushkin,tivasyushkinfs@wsj.com,Female,04/07/1959,CN,492-261-8655
570,Carole,Maltby,cmaltbyft@vinaora.com,Female,30/11/1995,CN,959-229-2340
571,Imelda,Chastel,ichastelfu@about.com,Female,23/04/1981,BY,437-258-4558
572,Nanci,Luce,nlucefv@hibu.com,Female,09/05/1974,ID,526-835-0131
573,Hanan,Ferney,hferneyfw@loc.gov,Male,14/05/1985,AR,761-197-1870
574,Waldon,Cutress,wcutressfx@webs.com,Male,30/10/1990,AF,807-654-4239
575,Ritchie,Fried,rfriedfy@fc2.com,Male,31/01/1984,RW,300-718-6373
576,Isaiah,Rappoport,irappoportfz@deviantart.com,Male,18/10/1959,AR,625-187-0903
577,Olga,Peepall,opeepallg0@cdbaby.com,Female,06/08/1952,CN,348-242-7469
578,Rosalynd,Burmaster,rburmasterg1@globo.com,Agender,21/10/1998,CO,603-531-4977
579,Eli,Dumphreys,edumphreysg2@geocities.com,Male,15/11/1983,US,502-479-7539
580,Carena,BoHlingolsen,cbohlingolseng3@over-blog.com,Female,03/09/1996,PL,269-351-5002
581,Harwell,Gerard,hgerardg4@skyrock.com,Male,27/04/1997,UY,150-300-2398
582,Daven,Berthel,dberthelg5@fotki.com,Male,24/10/1978,PL,391-189-5064
583,Normie,Tillerton,ntillertong6@earthlink.net,Male,01/08/1956,PT,453-990-7600
584,Kathrine,Matessian,kmatessiang7@archive.org,Genderqueer,01/02/1953,CN,424-450-6315
585,Cozmo,Moverley,cmoverleyg8@liveinternet.ru,Male,06/04/1969,TH,210-941-1188
586,Alexis,Kirvin,akirving9@tumblr.com,Female,09/05/1957,CN,191-908-5248
587,Ivett,Stirling,istirlingga@ovh.net,Female,05/06/1993,CN,646-457-3590
588,Sheilakathryn,Le Huquet,slehuquetgb@walmart.com,Polygender,03/10/1963,FR,138-859-9975
589,Paulita,O'Drought,podroughtgc@washington.edu,Genderfluid,15/04/1955,BR,890-138-8312
590,Melany,Byforth,mbyforthgd@wiley.com,Female,27/03/2003,VE,960-400-5458
591,Land,Whitelock,lwhitelockge@zdnet.com,Male,31/10/1971,BJ,973-344-0040
592,Ash,Gooderson,agoodersongf@odnoklassniki.ru,Male,10/04/1992,NI,868-847-0796
593,Uri,Coker,ucokergg@techcrunch.com,Male,26/07/1974,CA,976-484-4921
594,Nicholas,Ughi,nughigh@xinhuanet.com,Male,11/04/1956,CN,650-625-7810
595,Kristofer,Vanns,kvannsgi@irs.gov,Male,01/10/1961,SE,991-587-9626
596,Allard,Matas,amatasgj@usgs.gov,Male,15/03/1978,PH,338-789-9794
597,Dick,Starten,dstartengk@blogs.com,Male,23/09/1972,PH,504-162-8906
598,Corrianne,Worshall,cworshallgl@dyndns.org,Female,31/05/1989,PE,963-225-7795
599,Arnie,Leatt,aleattgm@stanford.edu,Male,22/12/1976,IS,303-840-7659
600,Venus,Drewett,vdrewettgn@imageshack.us,Female,26/02/1997,ID,676-776-7714
601,Courtnay,Doran,cdorango@ustream.tv,Female,15/06/1956,KZ,760-278-4153
602,Dynah,Pembery,dpemberygp@last.fm,Female,26/08/2000,BR,684-860-6443
603,Shepard,Heustace,sheustacegq@indiatimes.com,Male,14/07/1994,NG,969-645-6616
604,Allyce,Breawood,abreawoodgr@ustream.tv,Female,28/12/1989,VN,544-230-2435
605,Ram,Giorio,rgioriogs@ifeng.com,Male,18/01/1952,CN,422-427-1661
606,Dylan,McMillan,dmcmillangt@accuweather.com,Male,30/12/1974,CN,310-939-5185
607,Sallyanne,Hayller,shayllergu@tiny.cc,Female,13/04/1985,RU,606-519-2110
608,Lyn,Damiata,ldamiatagv@gnu.org,Female,22/03/1968,ID,459-639-8257
609,Klara,Lumby,klumbygw@ted.com,Female,30/03/1998,RU,754-618-4082
610,Nikaniki,Clemo,nclemogx@typepad.com,Female,20/02/1954,PT,971-395-8717
611,Torin,Dominguez,tdominguezgy@meetup.com,Male,03/03/1995,DE,290-417-0621
612,Lazaro,Juliano,ljulianogz@over-blog.com,Male,01/12/1970,AR,751-752-0722
613,Briny,Albone,balboneh0@ow.ly,Female,07/02/1960,UA,269-389-6039
614,Elvyn,de Zamora,edezamorah1@instagram.com,Male,04/06/1992,ID,931-968-8758
615,Gabriello,Phettis,gphettish2@sitemeter.com,Male,14/01/1952,RU,877-876-8883
616,Brittney,Redmore,bredmoreh3@chronoengine.com,Female,15/07/1987,ID,333-447-0250
617,Efren,Warlaw,ewarlawh4@usa.gov,Male,31/03/2002,FR,874-110-6930
618,Ichabod,De Pietri,idepietrih5@opensource.org,Male,20/06/1954,SE,561-109-0246
619,Rudolph,Buchanan,rbuchananh6@opensource.org,Male,11/07/1992,RU,989-209-0152
620,Glenden,Dwerryhouse,gdwerryhouseh7@ftc.gov,Male,22/03/1968,HN,391-655-5163
621,Chelsea,Meiklem,cmeiklemh8@java.com,Female,21/08/1950,PL,820-814-2407
622,Jonie,Rakes,jrakesh9@prnewswire.com,Female,05/03/2002,PL,371-274-3053
623,Brocky,Walkley,bwalkleyha@vistaprint.com,Male,19/09/1987,JM,317-640-6236
624,Evangelia,Bushell,ebushellhb@sun.com,Female,19/02/1990,PH,268-728-7733
625,Chrotoem,Filppetti,cfilppettihc@barnesandnoble.com,Male,15/09/1951,MG,136-865-9320
626,Caressa,Glassard,cglassardhd@foxnews.com,Female,19/09/1982,SE,644-594-7651
627,Aggy,Klejna,aklejnahe@nydailynews.com,Female,08/01/1987,RU,243-471-5535
628,Chelsea,Kohlert,ckohlerthf@canalblog.com,Genderqueer,19/05/1952,LK,963-341-6950
629,Inna,Snow,isnowhg@google.com.au,Female,20/06/1988,CN,418-258-0460
630,Ferdinand,Rowsel,frowselhh@plala.or.jp,Male,22/02/2002,RU,589-155-6604
631,Allegra,Milmith,amilmithhi@intel.com,Female,16/08/1958,ID,281-904-3337
632,Tallie,Arboin,tarboinhj@toplist.cz,Female,08/01/1955,DJ,286-691-2409
633,Addi,Ruperti,arupertihk@cafepress.com,Female,03/10/1992,RU,436-272-8598
634,Ethelbert,Ramelet,eramelethl@squidoo.com,Male,31/12/1960,GR,463-864-3074
635,Meade,Mingauld,mmingauldhm@mashable.com,Male,02/12/1985,RU,382-154-7230
636,Lucine,Govini,lgovinihn@nsw.gov.au,Female,29/10/1954,SI,964-670-4267
637,Ros,Joul,rjoulho@princeton.edu,Female,11/03/1951,TH,914-420-0575
638,Tynan,Gimber,tgimberhp@eepurl.com,Male,07/04/1950,RU,107-101-0134
639,Symon,Fausch,sfauschhq@jigsy.com,Male,25/05/1989,PH,378-969-2551
640,Burnaby,Paskins,bpaskinshr@drupal.org,Male,03/03/1993,JO,791-626-1037
641,Bertine,Stollwerk,bstollwerkhs@usgs.gov,Female,16/10/1972,PK,337-851-7691
642,Colver,Quinnet,cquinnetht@imdb.com,Male,26/03/1996,NG,681-743-7654
643,Zedekiah,Brusin,zbrusinhu@yale.edu,Male,09/11/1983,FR,629-796-3400
644,Alameda,Geleman,agelemanhv@sciencedaily.com,Female,20/08/1971,US,907-607-6195
645,Elaina,Ianson,eiansonhw@patch.com,Female,28/05/1996,SY,327-405-1780
646,Wally,Ilyinski,wilyinskihx@dyndns.org,Male,18/10/1959,CN,897-778-8021
647,Babara,De Filippi,bdefilippihy@independent.co.uk,Female,03/09/1985,CN,452-272-3151
648,Alanah,Kunze,akunzehz@aol.com,Female,19/10/1956,PH,482-459-4991
649,Tomi,Itzhaiek,titzhaieki0@bing.com,Female,15/09/1993,PT,921-582-9301
650,Adey,Arsmith,aarsmithi1@jugem.jp,Female,25/02/1951,AR,829-662-4885
651,Farrah,Hillburn,fhillburni2@usnews.com,Female,08/10/1973,PT,129-185-1186
652,Gary,Strangwood,gstrangwoodi3@pen.io,Male,13/10/1996,VE,936-978-6478
653,Ethel,Pipworth,epipworthi4@ezinearticles.com,Female,18/10/1957,JM,842-761-7336
654,Dannel,Kainz,dkainzi5@redcross.org,Male,04/05/2002,PH,238-273-4862
655,Anatola,Terzza,aterzzai6@imageshack.us,Female,22/05/1957,CN,962-754-2194
656,Moses,Boik,mboiki7@rambler.ru,Male,24/06/1981,YT,801-849-2427
657,Otes,Cooksley,ocooksleyi8@taobao.com,Male,21/06/1963,CH,986-672-2284
658,Lewie,Baudi,lbaudii9@sciencedaily.com,Genderfluid,31/01/1976,ID,953-542-8409
659,Fleurette,Ames,famesia@webeden.co.uk,Female,06/05/1971,PH,173-248-2917
660,Aurelea,Baldick,abaldickib@taobao.com,Female,12/08/1960,PT,535-877-0051
661,Aksel,Tinson,atinsonic@trellian.com,Male,15/02/1970,WS,221-691-0604
662,Norbie,Blackly,nblacklyid@webnode.com,Male,08/11/1952,FR,235-963-2004
663,Dre,Gallon,dgallonie@360.cn,Female,19/03/1953,NR,605-162-8262
664,Carlo,Kellaway,ckellawayif@comcast.net,Male,20/01/1986,SZ,707-102-9517
665,Randene,Summerrell,rsummerrellig@ihg.com,Female,25/04/1980,ID,250-944-5006
666,Reginauld,Neenan,rneenanih@cornell.edu,Male,15/12/1995,PE,831-661-8965
667,Alli,Jenner,ajennerii@cisco.com,Female,31/05/1984,HU,589-697-1067
668,Piotr,Champe,pchampeij@dion.ne.jp,Male,01/04/1977,SE,237-363-7190
669,Renie,De Blase,rdeblaseik@google.com.br,Agender,06/04/1977,LV,129-578-5208
670,Betsey,McNaughton,bmcnaughtonil@furl.net,Bigender,01/01/1992,CN,646-878-6321
671,Frankie,Luciano,flucianoim@illinois.edu,Male,08/11/1976,CN,829-354-1903
672,Eugenius,Blunsen,eblunsenin@apache.org,Male,17/08/1981,RU,729-161-8943
673,Glenn,Alpin,galpinio@51.la,Female,21/12/1978,ID,235-661-9956
674,Randa,Carlisso,rcarlissoip@answers.com,Genderfluid,22/12/1994,PT,381-932-7190
675,Thomas,Carslaw,tcarslawiq@sohu.com,Male,14/10/1961,CN,545-424-8121
676,Viole,Race,vraceir@a8.net,Female,28/10/1968,CN,352-759-3856
677,Kenny,Croci,kcrociis@altervista.org,Male,06/08/1954,ID,180-471-7883
678,Sholom,Sucre,ssucreit@wikispaces.com,Non-binary,02/02/1968,PH,209-962-4213
679,Pia,Goold,pgooldiu@ibm.com,Female,19/06/1950,IE,845-449-7377
680,Reinaldo,Brimner,rbrimneriv@sun.com,Male,14/11/1979,ID,602-681-4820
681,Andi,Ewan,aewaniw@sourceforge.net,Female,27/05/1962,MX,883-593-6811
682,Remy,Jest,rjestix@themeforest.net,Female,01/07/1985,PL,617-229-5473
683,Lenka,Iskov,liskoviy@live.com,Female,22/04/2002,RU,637-533-6749
684,Boot,Bouldstridge,bbouldstridgeiz@abc.net.au,Male,21/12/1967,BR,734-785-6383
685,Mill,Grossman,mgrossmanj0@cbsnews.com,Male,23/06/1968,ID,884-653-2745
686,Adolpho,Grishakov,agrishakovj1@lycos.com,Male,05/09/1972,SE,153-447-9620
687,Caddric,Margetts,cmargettsj2@issuu.com,Male,26/02/1956,VN,252-280-4964
688,Janice,Robelin,jrobelinj3@symantec.com,Female,30/04/1988,CN,884-415-8293
689,Mateo,Bere,mberej4@alexa.com,Male,17/05/1956,BJ,303-108-1765
690,Wynny,Cabble,wcabblej5@blinklist.com,Female,03/11/1979,ID,498-173-2669
691,Alecia,Merring,amerringj6@engadget.com,Female,26/09/1994,SE,907-332-8653
692,Darwin,Marcussen,dmarcussenj7@sphinn.com,Male,31/12/1985,CN,364-909-6070
693,Terence,Presnell,tpresnellj8@fda.gov,Male,13/02/1961,CN,382-840-7545
694,Courtnay,Goatcher,cgoatcherj9@msu.edu,Male,13/02/1970,CN,463-887-4098
695,Ernesta,Whiteley,ewhiteleyja@microsoft.com,Female,29/08/1990,PH,837-392-3071
696,Emili,Still,estilljb@parallels.com,Female,17/09/1989,SE,633-772-7119
697,Beverlee,Nystrom,bnystromjc@netscape.com,Female,19/06/1974,CN,151-493-4776
698,Tamera,Danaher,tdanaherjd@blog.com,Female,03/11/1966,SE,298-145-2053
699,Burgess,Proudler,bproudlerje@wufoo.com,Male,16/01/1966,RU,422-164-0739
700,Marten,Gregorio,mgregoriojf@addtoany.com,Male,15/05/2003,CN,715-388-4325
701,Nara,Tryme,ntrymejg@smh.com.au,Female,18/02/2001,PT,477-276-3926
702,Georgianne,Havelin,ghavelinjh@google.co.uk,Female,08/03/1960,SY,376-576-7618
703,Antonella,Blaskett,ablaskettji@answers.com,Female,05/02/1983,PH,965-735-6222
704,Cthrine,Hanning,channingjj@t.co,Female,05/02/1985,BD,566-243-1316
705,Bailey,Hedon,bhedonjk@deliciousdays.com,Male,02/02/1972,TH,953-812-5193
706,Margarita,Hanscomb,mhanscombjl@dmoz.org,Female,30/03/1976,CL,394-888-7521
707,Karlis,Bend,kbendjm@cmu.edu,Male,20/04/1999,CO,551-329-0299
708,Jeri,Adhams,jadhamsjn@senate.gov,Polygender,17/11/2002,PH,311-307-3281
709,Sophia,Brewitt,sbrewittjo@merriam-webster.com,Female,23/11/1958,UA,689-995-5836
710,Herculie,Banke,hbankejp@smugmug.com,Male,20/01/1955,VN,810-537-1692
711,Myrtia,Gaukrodge,mgaukrodgejq@dailymotion.com,Female,22/06/1994,VE,597-939-5424
712,Laurena,Maps,lmapsjr@github.com,Female,09/03/1968,RS,268-907-3809
713,Maximilien,Szachniewicz,mszachniewiczjs@marriott.com,Male,14/10/1981,RU,593-814-7033
714,Nan,Jacquest,njacquestjt@ucsd.edu,Female,13/07/1979,ID,227-603-3945
715,Carlyn,Stiller,cstillerju@fda.gov,Female,16/09/1981,SE,588-839-2101
716,Belia,Surpliss,bsurplissjv@irs.gov,Female,09/03/1950,FR,899-934-2058
717,Consuelo,Eldred,celdredjw@intel.com,Female,15/02/1999,BQ,818-684-3838
718,Minna,Pues,mpuesjx@upenn.edu,Female,01/10/1967,SV,207-735-0746
719,Kirsten,Loud,kloudjy@unesco.org,Female,11/05/1997,PH,305-497-5041
720,Armando,MacInherney,amacinherneyjz@seesaa.net,Male,29/06/1993,CN,312-774-9153
721,Eolande,Legat,elegatk0@dedecms.com,Female,09/12/1985,ID,854-505-0730
722,Brendon,Ambroziak,bambroziakk1@nasa.gov,Male,15/04/1954,PH,964-388-3719
723,Lanna,Cullinan,lcullinank2@icio.us,Female,07/06/1974,PT,475-262-5531
724,Delcina,Rayer,drayerk3@paginegialle.it,Female,06/12/1952,RU,824-766-5238
725,Mickie,Khomishin,mkhomishink4@ucsd.edu,Female,07/09/2000,AR,877-858-2695
726,Reynolds,Sympson,rsympsonk5@engadget.com,Male,28/08/1951,SE,593-382-1157
727,Charleen,Giannini,cgianninik6@google.ru,Female,14/09/1955,MX,328-958-4025
728,Homere,Grasha,hgrashak7@nytimes.com,Male,09/09/1997,KP,443-212-9784
729,Loralyn,Sheere,lsheerek8@umich.edu,Female,03/01/1989,VE,633-631-9546
730,Emmie,Varfolomeev,evarfolomeevk9@fastcompany.com,Female,17/11/1976,ID,899-654-5151
731,Kalie,Zima,kzimaka@google.it,Female,22/07/2001,CZ,749-573-5631
732,Kenna,Evreux,kevreuxkb@cbslocal.com,Bigender,14/06/1966,PH,354-636-4993
733,Earvin,Pink,epinkkc@mapquest.com,Male,11/05/1954,AL,518-382-8339
734,Syman,Bonnin,sbonninkd@bloglines.com,Male,22/05/1962,MX,643-384-3226
735,Kaleb,Scritch,kscritchke@mediafire.com,Male,07/01/1951,BY,592-375-3173
736,Mirna,Lamputt,mlamputtkf@seattletimes.com,Female,04/07/1972,PL,780-702-5721
737,Ibrahim,Schiefersten,ischieferstenkg@ameblo.jp,Male,10/05/1996,PK,698-150-2204
738,Marley,Leavold,mleavoldkh@ovh.net,Female,18/02/1991,PH,794-228-9974
739,Layton,Coffin,lcoffinki@4shared.com,Male,13/05/1999,AF,367-944-7249
740,Jeffie,Riley,jrileykj@forbes.com,Male,27/06/1993,BR,575-260-4259
741,Dario,Bowller,dbowllerkk@sciencedirect.com,Male,04/09/2002,CN,395-704-1581
742,Willette,Faichnie,wfaichniekl@marketwatch.com,Non-binary,10/09/1992,EG,273-646-2828
743,Vaclav,Hadgkiss,vhadgkisskm@ihg.com,Male,07/08/1976,SE,322-806-5508
744,Paton,Sibbering,psibberingkn@nyu.edu,Male,27/10/1956,CN,145-353-0191
745,Avrom,Hillatt,ahillattko@wikipedia.org,Male,30/09/1955,BA,298-212-1844
746,Miner,Esselin,messelinkp@independent.co.uk,Male,20/04/1988,PT,769-796-7363
747,Ronna,Ivanenkov,rivanenkovkq@usda.gov,Genderqueer,20/01/1990,FR,183-230-8618
748,Pam,Gianetti,pgianettikr@fc2.com,Female,09/12/1983,VE,545-111-1365
749,Elfrieda,Clifft,eclifftks@reverbnation.com,Female,01/12/1964,IR,756-270-4577
750,Nevin,Kloster,nklosterkt@multiply.com,Genderqueer,20/12/1979,NG,712-908-9559
751,Morten,Wanka,mwankaku@marketwatch.com,Male,08/01/1996,SE,544-764-7091
752,Damien,Maseres,dmasereskv@telegraph.co.uk,Male,01/11/1981,SE,628-769-4458
753,Karoly,Petch,kpetchkw@github.io,Female,07/03/1990,FR,924-750-5372
754,Pamela,Schulze,pschulzekx@slideshare.net,Female,09/12/1950,UA,108-433-7813
755,Jesse,McComb,jmccombky@about.me,Male,27/07/1982,ID,638-401-1107
756,Donica,Sleite,dsleitekz@psu.edu,Female,28/08/1980,RU,158-116-7463
757,Alastair,Dugget,aduggetl0@w3.org,Male,09/05/1999,FR,427-136-9542
758,Emyle,Eaken,eeakenl1@fema.gov,Female,17/10/1982,ID,249-778-2106
759,Celesta,Hows,chowsl2@bravesites.com,Female,08/10/1982,RU,121-375-2934
760,Daisi,Faich,dfaichl3@engadget.com,Female,09/10/1994,NG,943-756-9997
761,Andee,Muehle,amuehlel4@uiuc.edu,Female,07/06/2002,BR,223-955-9993
762,Devondra,Stammers,dstammersl5@dmoz.org,Female,11/10/2003,JP,217-542-5767
763,Rachel,Cutteridge,rcutteridgel6@paginegialle.it,Female,10/02/1985,CO,716-844-6601
764,Ray,Codling,rcodlingl7@cafepress.com,Female,15/06/1994,PT,465-714-2364
765,Rochella,Comini,rcominil8@blog.com,Female,01/07/1993,UA,291-705-1310
766,Meagan,Finnan,mfinnanl9@addthis.com,Female,29/12/1958,GR,366-574-0068
767,Arel,Marishenko,amarishenkola@merriam-webster.com,Male,05/09/1961,ID,817-535-7588
768,Con,Nellies,cnellieslb@hud.gov,Non-binary,26/02/1971,CN,855-937-5888
769,Regan,Swann,rswannlc@etsy.com,Male,08/08/1987,CN,601-168-1832
770,Hermione,Trimby,htrimbyld@paypal.com,Female,18/06/1967,BR,394-951-0536
771,Horten,Dami,hdamile@ed.gov,Male,16/07/1992,CN,972-622-4811
772,Eveleen,Gathercoal,egathercoallf@symantec.com,Female,30/03/1971,CN,657-845-8440
773,Raviv,McKennan,rmckennanlg@woothemes.com,Male,29/06/1987,DK,950-862-1416
774,Zachery,Abramovicz,zabramoviczlh@bloglines.com,Male,07/08/1976,ZW,386-694-0458
775,Lainey,Laughrey,llaughreyli@rambler.ru,Female,27/11/1983,TH,280-736-7090
776,Stanwood,Knappe,sknappelj@cdc.gov,Male,04/09/1983,VN,530-528-9533
777,Sloan,Tomala,stomalalk@pbs.org,Male,21/01/1993,GM,304-232-0801
778,Jules,Vuittet,jvuittetll@washington.edu,Male,31/08/1993,ID,733-398-6814
779,Mannie,Comrie,mcomrielm@sun.com,Male,01/09/1998,PH,320-302-5548
780,Merrick,Haughan,mhaughanln@stanford.edu,Male,10/05/1958,ID,490-902-4669
781,Wallis,Goodsal,wgoodsallo@cbslocal.com,Male,06/08/1966,TH,743-223-3700
782,Kelila,Ball,kballlp@yahoo.co.jp,Female,07/06/1987,PL,235-246-0962
783,Iris,Giroldi,igiroldilq@kickstarter.com,Agender,06/12/2002,ID,587-677-8657
784,Debbie,Doe,ddoelr@indiatimes.com,Female,16/09/1990,SE,483-953-4676
785,Cati,Membry,cmembryls@gov.uk,Female,31/07/1962,VN,613-924-6311
786,Avrit,Schirach,aschirachlt@yale.edu,Female,27/12/1983,PL,195-480-9796
787,Sianna,Hyslop,shysloplu@cisco.com,Female,13/04/1995,MU,186-411-6832
788,Darbee,Roughan,droughanlv@chron.com,Male,09/09/1995,AL,480-988-1453
789,Byrann,Ainge,baingelw@google.fr,Male,23/01/1951,CN,570-990-3434
790,Der,Dowbiggin,ddowbigginlx@blog.com,Male,17/04/1961,FI,185-343-2512
791,Dominique,Heyburn,dheyburnly@phoca.cz,Male,03/01/1993,CN,679-541-9241
792,Marj,Harsant,mharsantlz@webeden.co.uk,Female,20/07/2002,SE,665-142-8748
793,Garv,Waycot,gwaycotm0@tmall.com,Male,28/11/1966,KE,211-536-8995
794,Spenser,Pardon,spardonm1@timesonline.co.uk,Male,01/11/1971,CN,114-228-1967
795,Ax,Worland,aworlandm2@weebly.com,Male,01/06/1957,AF,776-591-6871
796,Lucinda,Duerdin,lduerdinm3@xing.com,Female,31/12/2002,CN,332-443-1005
797,Alvinia,Bakey,abakeym4@oaic.gov.au,Female,01/10/1989,ID,468-847-9172
798,Anastassia,Gillice,agillicem5@fc2.com,Female,09/06/1996,CN,606-899-5297
799,Fallon,Bibbie,fbibbiem6@senate.gov,Female,09/05/2002,CG,896-692-8545
800,Chlo,Moral,cmoralm7@usa.gov,Female,01/04/1973,ID,870-887-5853
801,Nehemiah,Danne,ndannem8@google.fr,Male,28/05/1966,SE,424-569-8906
802,Sammie,Sandland,ssandlandm9@ebay.co.uk,Genderfluid,25/01/1990,AR,290-328-9323
803,Mavra,Leebetter,mleebetterma@hibu.com,Female,25/05/1971,SS,927-744-2804
804,Loy,Gaunt,lgauntmb@china.com.cn,Male,05/08/2003,ID,759-399-4229
805,Jackson,Hutchison,jhutchisonmc@photobucket.com,Male,17/08/1973,NP,667-864-2510
806,Gaultiero,Langlais,glanglaismd@wp.com,Male,28/02/1953,ID,831-687-9654
807,Heidi,Shafe,hshafeme@statcounter.com,Female,11/07/1994,CA,746-921-5721
808,Raven,Lambertson,rlambertsonmf@bigcartel.com,Female,21/02/1976,ID,116-186-1620
809,Shannon,Curle,scurlemg@yelp.com,Male,18/05/1994,CN,150-455-5394
810,Gerrilee,Syvret,gsyvretmh@delicious.com,Genderqueer,16/01/1998,RU,781-450-5323
811,Emogene,Gristhwaite,egristhwaitemi@vistaprint.com,Female,17/06/1993,CN,432-985-4486
812,Clary,Shatford,cshatfordmj@sohu.com,Female,29/12/1995,FR,747-404-7790
813,Robers,Grayley,rgrayleymk@ycombinator.com,Genderqueer,15/03/1972,ET,817-998-6126
814,Mil,Walewicz,mwalewiczml@yellowbook.com,Female,07/12/1957,CN,650-156-6935
815,Winfred,Sapson,wsapsonmm@reuters.com,Male,02/08/1972,CN,792-247-9274
816,Eileen,Raitt,eraittmn@last.fm,Female,17/08/1956,IT,514-748-6120
817,Cassie,Godsal,cgodsalmo@studiopress.com,Female,19/11/1973,BA,297-699-6992
818,Lonee,Riep,lriepmp@stanford.edu,Female,03/01/1984,GR,513-737-2065
819,Bartolemo,Keming,bkemingmq@jimdo.com,Male,29/01/1977,MN,241-189-8901
820,Winny,Whitham,wwhithammr@nifty.com,Female,23/09/1953,PH,616-616-8779
821,Natala,Minihane,nminihanems@boston.com,Female,08/10/1969,CN,791-348-4076
822,Harmon,Janzen,hjanzenmt@chronoengine.com,Male,13/10/1951,PH,621-227-3128
823,Gerhard,Dwight,gdwightmu@ucoz.ru,Male,22/10/1971,PL,303-974-9592
824,Hadley,Kalinowsky,hkalinowskymv@cmu.edu,Male,23/05/2002,CO,445-395-0203
825,Izaak,Linfield,ilinfieldmw@delicious.com,Male,29/01/1981,BR,934-377-5177
826,Hebert,Salamon,hsalamonmx@statcounter.com,Genderqueer,28/02/1995,CN,551-663-7879
827,Tasia,O'Shevlin,toshevlinmy@bizjournals.com,Polygender,17/02/1987,CN,633-280-4726
828,Diann,Lafaye,dlafayemz@linkedin.com,Female,15/09/1957,PE,395-767-9504
829,Kaye,Braime,kbraimen0@reference.com,Polygender,22/05/2002,ID,363-902-0573
830,Matthus,Bramelt,mbrameltn1@time.com,Male,06/07/1955,US,312-135-8971
831,Angel,Royston,aroystonn2@geocities.jp,Female,23/04/1966,RU,411-361-7527
832,Wilburt,Rosenqvist,wrosenqvistn3@simplemachines.org,Male,30/04/1981,FR,777-712-6800
833,Marsh,Stoffer,mstoffern4@youtu.be,Male,22/01/1992,CN,769-683-3328
834,Larine,Clinnick,lclinnickn5@cbc.ca,Female,06/04/1959,PH,136-179-8654
835,Matty,Inston,minstonn6@unicef.org,Female,06/08/1986,PT,697-132-3857
836,Carri,Collison,ccollisonn7@amazon.co.uk,Female,25/01/2002,FR,491-747-5532
837,Kendell,Pottery,kpotteryn8@mit.edu,Male,31/10/1992,CN,340-104-5554
838,Marsha,Waggett,mwaggettn9@cbslocal.com,Female,13/07/1979,PL,570-567-6224
839,Fidole,Trynor,ftrynorna@illinois.edu,Male,11/02/1950,CN,894-541-0536
840,Idette,Stollwerk,istollwerknb@sohu.com,Female,18/10/1955,BO,912-280-9410
841,Gray,Aslen,gaslennc@addthis.com,Female,17/09/1992,SE,292-113-0594
842,Brucie,Popping,bpoppingnd@mapy.cz,Male,25/06/1956,ID,615-367-3928
843,Elisha,Kinvig,ekinvigne@wix.com,Male,08/06/1983,ID,921-377-2073
844,Gibby,Porcas,gporcasnf@moonfruit.com,Male,10/03/1952,MY,635-476-7085
845,Iggie,Rangeley,irangeleyng@mit.edu,Male,02/03/1968,CN,591-943-3469
846,Kinsley,Guisler,kguislernh@amazon.com,Male,03/05/1996,CM,119-997-5608
847,Theadora,Riden,tridenni@nifty.com,Female,03/02/1999,FR,359-428-2359
848,Glyn,Keele,gkeelenj@comsenz.com,Male,17/01/1963,ID,812-748-0549
849,Christye,Tabbernor,ctabbernornk@github.io,Female,13/04/1992,ID,748-602-6106
850,Jethro,Ivshin,jivshinnl@census.gov,Male,10/01/1964,TH,531-758-6499
851,Cristie,Brugemann,cbrugemannnm@sciencedirect.com,Agender,12/10/1999,FR,110-732-5848
852,Carolann,Corinton,ccorintonnn@youku.com,Female,17/08/1962,AR,251-186-1567
853,Julietta,MacParlan,jmacparlanno@e-recht24.de,Female,23/04/1983,CZ,282-683-0900
854,Lamond,Brunker,lbrunkernp@digg.com,Male,06/10/1964,VN,784-763-3855
855,Bevon,Labbati,blabbatinq@histats.com,Agender,06/11/1993,MG,756-970-8282
856,Bernita,Bramall,bbramallnr@cam.ac.uk,Female,15/07/1990,BR,650-659-8940
857,Ashby,Ballin,aballinns@sciencedaily.com,Male,13/01/1995,PH,994-261-5257
858,Elie,Troy,etroynt@godaddy.com,Female,12/09/1961,CU,640-727-5268
859,Eryn,Stollhofer,estollhofernu@illinois.edu,Female,08/03/1985,ID,828-137-7295
860,Noland,Carverhill,ncarverhillnv@homestead.com,Male,14/08/1963,PK,512-470-4157
861,Munmro,Busch,mbuschnw@youtu.be,Male,30/05/1983,ID,220-268-4336
862,Esdras,Torbard,etorbardnx@photobucket.com,Male,21/04/1964,GR,809-593-1169
863,Anne,Dionisetto,adionisettony@webmd.com,Female,30/06/1988,PA,273-950-7904
864,Frasco,Escritt,fescrittnz@toplist.cz,Male,09/09/1981,ID,248-112-2040
865,Tonya,Gonnet,tgonneto0@ted.com,Female,12/03/1983,CA,569-970-3306
866,Auberon,Pascow,apascowo1@diigo.com,Male,03/12/2000,CN,647-661-0414
867,Felicity,Roxbrough,froxbrougho2@princeton.edu,Female,19/05/1990,CN,143-917-0396
868,Daisi,Cornewell,dcornewello3@addtoany.com,Female,24/12/1979,CZ,952-554-0887
869,Marne,Pykett,mpyketto4@tuttocitta.it,Female,26/07/1999,PH,620-928-0418
870,Boycie,Belverstone,bbelverstoneo5@icio.us,Male,04/10/1986,PH,937-638-6544
871,Law,Carnock,lcarnocko6@mozilla.org,Male,22/03/1964,CN,727-382-0849
872,Christoph,Crosio,ccrosioo7@biglobe.ne.jp,Male,07/01/1968,CN,989-547-2704
873,Beryl,Wetter,bwettero8@pinterest.com,Female,25/01/1997,CN,575-473-1292
874,Nicolais,Andrews,nandrewso9@xinhuanet.com,Polygender,12/10/1963,PH,657-145-2168
875,Codie,Houlton,choultonoa@independent.co.uk,Male,19/07/1982,BR,936-265-3695
876,Warner,Dollman,wdollmanob@fda.gov,Polygender,20/01/1982,PT,409-481-0313
877,Jaquith,Solway,jsolwayoc@wsj.com,Female,18/05/1972,VE,437-698-1918
878,Wolf,Danjoie,wdanjoieod@shop-pro.jp,Male,19/03/1998,PM,682-708-4358
879,Ben,Cockhill,bcockhilloe@bloglovin.com,Male,29/05/1982,CN,951-961-8519
880,Beck,Spearman,bspearmanof@yale.edu,Male,24/08/1993,BO,980-722-9678
881,Grethel,Stanway,gstanwayog@last.fm,Female,28/11/1974,PK,244-658-6265
882,Idell,Breckon,ibreckonoh@about.com,Female,19/06/1988,ID,312-816-2515
883,Montague,Duigenan,mduigenanoi@nih.gov,Bigender,08/02/2003,MX,631-179-1880
884,Donavon,Dayne,ddayneoj@stanford.edu,Male,26/02/1963,ID,398-186-8626
885,Forbes,Darton,fdartonok@macromedia.com,Male,09/03/2001,CN,322-427-3821
886,Rollie,Stroban,rstrobanol@unicef.org,Male,02/08/1960,CO,615-940-3441
887,Lucilia,Zuenelli,lzuenelliom@toplist.cz,Female,01/05/1964,CN,596-874-4283
888,Paulette,Bolte,pbolteon@prlog.org,Female,24/10/1974,BI,717-236-3666
889,Eddie,Cowley,ecowleyoo@go.com,Female,30/04/1998,ID,747-385-0085
890,Lammond,Housbey,lhousbeyop@cam.ac.uk,Male,04/09/1992,PH,595-240-7654
891,Lydon,Pautard,lpautardoq@unc.edu,Male,04/04/1987,ID,134-492-4951
892,Tripp,Bwye,tbwyeor@artisteer.com,Male,07/09/1989,CN,496-328-7934
893,Luke,Spruce,lspruceos@cdc.gov,Male,15/11/1979,PE,498-706-1249
894,Forster,Hanner,fhannerot@salon.com,Male,27/11/1999,BR,190-636-9618
895,Melanie,Aronov,maronovou@newsvine.com,Female,03/06/1998,MG,985-718-4159
896,Courtnay,Penn,cpennov@biblegateway.com,Non-binary,23/12/1976,NG,214-990-8033
897,Jarrett,Samsonsen,jsamsonsenow@nih.gov,Male,03/08/1999,TH,621-125-1481
898,Isidoro,Itschakov,iitschakovox@discovery.com,Male,05/12/1957,AR,547-687-2265
899,Zonnya,Warhurst,zwarhurstoy@spotify.com,Female,25/06/1959,PT,583-652-8016
900,Bette-ann,Chatband,bchatbandoz@redcross.org,Female,06/11/1979,RS,841-262-9574
901,Gussie,Bartolacci,gbartolaccip0@gmpg.org,Female,31/08/1967,HR,534-568-6987
902,Fraser,Hamlen,fhamlenp1@businessweek.com,Male,29/11/1969,CN,806-274-8629
903,Natka,Lerwell,nlerwellp2@bloomberg.com,Genderfluid,14/11/1997,CN,281-384-2011
904,Nikola,Otteridge,notteridgep3@cafepress.com,Male,05/08/2001,ID,207-119-6488
905,Wilmar,Jamblin,wjamblinp4@bizjournals.com,Male,05/02/1958,CN,271-326-6428
906,Charlene,O'Meara,comearap5@geocities.jp,Female,21/09/1967,ID,284-949-2580
907,Leonid,Maharg,lmahargp6@so-net.ne.jp,Male,03/05/1985,CN,482-894-6881
908,Melodie,Shingler,mshinglerp7@oakley.com,Female,21/01/1977,PH,567-536-6777
909,Dionisio,Glabach,dglabachp8@trellian.com,Male,23/02/1974,US,610-285-9284
910,Bab,Brummell,bbrummellp9@lycos.com,Female,28/02/1961,RU,829-414-7516
911,Opaline,Paxeford,opaxefordpa@shutterfly.com,Female,17/12/1994,RU,243-257-6804
912,Uriel,Wixon,uwixonpb@jalbum.net,Male,12/08/1975,CN,311-921-7847
913,Adler,Bellsham,abellshampc@gizmodo.com,Male,05/07/1984,PK,496-855-2489
914,Lily,Vasyukov,lvasyukovpd@etsy.com,Female,08/02/1985,CN,951-444-1529
915,Schuyler,Wren,swrenpe@cafepress.com,Non-binary,20/12/1955,CN,902-718-1473
916,Eva,Balharrie,ebalharriepf@pinterest.com,Female,10/11/1997,HR,856-685-3503
917,Ainslie,Mewe,amewepg@slate.com,Female,05/06/1957,CN,427-284-2922
918,Addie,Philpots,aphilpotsph@cbsnews.com,Female,13/10/1987,TH,270-359-5578
919,Torrey,Skehan,tskehanpi@jigsy.com,Male,29/04/1955,KZ,335-206-7117
920,Fletcher,Clendennen,fclendennenpj@4shared.com,Male,28/11/1996,ID,881-664-0216
921,Annmarie,Beckham,abeckhampk@auda.org.au,Female,14/06/1988,AR,834-576-8872
922,Thalia,Tourot,ttourotpl@delicious.com,Female,25/08/1963,PL,774-711-2469
923,Monroe,Klimkin,mklimkinpm@moonfruit.com,Male,30/07/1961,BR,972-766-1735
924,Cleopatra,Brantzen,cbrantzenpn@sohu.com,Female,13/09/1991,PT,139-198-4426
925,Crawford,Triplow,ctriplowpo@sphinn.com,Male,16/09/1968,ID,655-578-9863
926,Gussy,Farish,gfarishpp@skype.com,Female,08/10/1962,PE,662-179-4988
927,Bertrand,Bettlestone,bbettlestonepq@biblegateway.com,Male,18/03/1972,NG,533-840-0572
928,Jehu,West,jwestpr@google.fr,Agender,27/02/1996,PH,303-736-0135
929,Pavlov,Pendrill,ppendrillps@paginegialle.it,Genderqueer,26/08/2001,CN,572-858-1234
930,Daphne,Novacek,dnovacekpt@cam.ac.uk,Female,02/05/1971,CN,471-678-2649
931,Bab,Watkin,bwatkinpu@geocities.com,Female,20/12/1986,FR,847-575-7894
932,Becka,Fettes,bfettespv@alexa.com,Female,05/11/1954,TH,780-712-1075
933,Angela,Vala,avalapw@arstechnica.com,Female,01/10/1998,ID,982-771-9069
934,Millicent,Trymme,mtrymmepx@123-reg.co.uk,Female,28/07/1997,MX,351-986-4985
935,Beniamino,Clarage,bclaragepy@meetup.com,Male,24/10/1996,JM,370-104-6902
936,Blanche,Lewton,blewtonpz@topsy.com,Female,20/08/1991,CN,853-233-2904
937,Graham,Quarterman,gquartermanq0@prweb.com,Male,11/12/1968,ID,354-515-1275
938,Toby,Brookson,tbrooksonq1@cpanel.net,Female,03/09/1958,PH,246-226-0102
939,Mauricio,Pumphrey,mpumphreyq2@elpais.com,Male,13/04/1989,CU,177-486-4694
940,Farly,Stigers,fstigersq3@samsung.com,Male,01/03/1986,UA,332-970-3050
941,Trefor,Stackbridge,tstackbridgeq4@soup.io,Male,03/09/1976,RU,154-756-8560
942,Lazare,Dace,ldaceq5@umich.edu,Male,21/07/1991,RU,251-928-8890
943,Cristionna,Withey,cwitheyq6@a8.net,Female,11/06/1978,CN,686-189-1820
944,Blane,Wharmby,bwharmbyq7@dyndns.org,Male,23/11/2002,PS,731-450-5105
945,Foster,Hoofe,fhoofeq8@techcrunch.com,Male,16/06/1962,PH,139-532-0178
946,Carl,Farnill,cfarnillq9@mtv.com,Male,04/12/1971,FI,649-636-6689
947,Huntley,Aberchirder,haberchirderqa@facebook.com,Male,23/10/1952,ID,689-547-9147
948,Dory,Muehler,dmuehlerqb@elegantthemes.com,Polygender,17/04/1990,JP,506-557-5345
949,Angela,Tavner,atavnerqc@google.com.br,Female,17/10/1998,CZ,185-857-5302
950,Heda,Bramo,hbramoqd@noaa.gov,Female,12/05/1984,BR,740-785-1634
951,Farris,Leifer,fleiferqe@about.com,Male,07/09/1953,CN,892-178-3778
952,Delphinia,Roote,drooteqf@photobucket.com,Female,01/01/1991,PH,760-603-0652
953,Gwenora,Attride,gattrideqg@newsvine.com,Female,14/02/1998,SN,329-717-5500
954,Dorey,Raphael,draphaelqh@globo.com,Female,15/09/1992,SE,663-101-1618
955,Noble,Lorman,nlormanqi@timesonline.co.uk,Male,05/12/1999,IQ,701-668-8412
956,Germain,Viegas,gviegasqj@usda.gov,Male,26/11/1967,JP,142-802-9858
957,Hazel,Rampley,hrampleyqk@technorati.com,Male,14/04/1984,YE,495-232-3764
958,Yoshi,McCullogh,ymcculloghql@free.fr,Female,26/04/1970,NG,201-734-7813
959,Normand,Ireson,niresonqm@netscape.com,Male,05/11/1964,GM,257-755-0560
960,Dani,Darcey,ddarceyqn@ebay.com,Female,22/08/1951,CA,550-385-2662
961,Ianthe,Antonio,iantonioqo@japanpost.jp,Female,14/12/1981,PT,468-949-9216
962,Tildie,Bradbury,tbradburyqp@technorati.com,Polygender,27/08/1953,BY,538-560-9781
963,Akim,Cracknall,acracknallqq@google.pl,Male,25/02/1969,CN,987-702-4845
964,Liliane,Simmonett,lsimmonettqr@github.io,Female,07/09/1986,CN,185-344-3083
965,Cross,Grimsey,cgrimseyqs@arstechnica.com,Male,16/02/1965,CN,888-725-7281
966,Rosanne,Jeff,rjeffqt@columbia.edu,Female,26/01/1983,JP,495-897-3987
967,Krista,Galliard,kgalliardqu@samsung.com,Female,10/07/1967,UG,814-808-0695
968,Glynn,MacFadzan,gmacfadzanqv@auda.org.au,Male,17/09/1985,FR,866-781-8931
969,Marmaduke,Patry,mpatryqw@craigslist.org,Male,23/12/1992,MA,168-535-7983
970,Timmie,Phaup,tphaupqx@addtoany.com,Female,19/10/1995,RU,622-222-4413
971,Arni,Lane,alaneqy@samsung.com,Male,30/09/1986,CN,911-835-8130
972,Hayden,Tranmer,htranmerqz@unesco.org,Male,16/03/1984,ID,926-619-6856
973,Janey,Domke,jdomker0@foxnews.com,Female,23/06/1970,PL,333-510-1890
974,Dannie,Brimming,dbrimmingr1@chicagotribune.com,Male,02/04/1959,US,415-316-2886
975,Karina,Broome,kbroomer2@scribd.com,Female,29/03/1989,RU,288-515-4928
976,Seth,Eyrl,seyrlr3@people.com.cn,Non-binary,07/02/1954,ID,506-364-6768
977,Janna,Thorwarth,jthorwarthr4@latimes.com,Female,17/10/1977,CN,487-398-5236
978,Ricki,Edgerton,redgertonr5@adobe.com,Male,29/03/1999,VN,969-142-9152
979,Muffin,Keher,mkeherr6@domainmarket.com,Male,23/07/1971,CN,420-557-6614
980,Cosme,Fewtrell,cfewtrellr7@google.es,Male,06/12/2002,TH,257-920-8587
981,Jerry,Bourrel,jbourrelr8@e-recht24.de,Male,26/05/1977,PT,863-670-4173
982,Ara,Reicherz,areicherzr9@webmd.com,Female,29/01/1988,RU,502-573-9277
983,Kimble,Gabler,kgablerra@yellowpages.com,Male,05/09/1963,VE,664-600-1438
984,Kimberli,Calladine,kcalladinerb@miitbeian.gov.cn,Female,13/10/1987,CN,907-548-3210
985,Arvy,Delahunty,adelahuntyrc@mayoclinic.com,Male,09/12/1950,BR,789-279-5150
986,Sada,Mounfield,smounfieldrd@boston.com,Female,18/12/1959,BR,232-148-3331
987,Morena,Keeling,mkeelingre@biblegateway.com,Female,12/10/1963,EC,209-772-2190
988,Barney,French,bfrenchrf@forbes.com,Male,23/06/1996,ID,204-637-0518
989,Jorie,Cuttler,jcuttlerrg@accuweather.com,Female,25/02/1955,CN,910-367-2301
990,Dick,Banasiak,dbanasiakrh@xing.com,Bigender,22/04/1967,HR,123-467-6549
991,Fulton,Rosenkranc,frosenkrancri@fema.gov,Male,17/07/1965,ID,443-865-4541
992,Alfonse,Brommage,abrommagerj@cmu.edu,Male,29/10/1982,CN,437-412-0937
993,Garwin,Doey,gdoeyrk@shutterfly.com,Male,14/09/1974,ID,147-266-9591
994,Bennett,Kadd,bkaddrl@blinklist.com,Male,17/08/1996,PL,623-684-7031
995,Becka,Shotter,bshotterrm@phpbb.com,Female,15/08/1977,MA,997-174-6936
996,Arley,Hourican,ahouricanrn@bravesites.com,Male,09/07/1979,BR,447-383-1950
997,Dionysus,Tomasino,dtomasinoro@sun.com,Male,30/05/1992,IS,365-962-3418
998,Emilio,Foxley,efoxleyrp@prlog.org,Male,21/05/1955,RU,339-811-4932
999,Tam,Julian,tjulianrq@cdbaby.com,Male,19/05/1968,CN,169-984-2189
1000,Celestina,Aberdein,caberdeinrr@shareasale.com,Female,04/12/1972,FR,482-310-2055
